,tweet_date,tweet_neg_score,tweet_neu_score,tweet_pos_score,tweet_source,tweet_text,tweet_vader_score,# of Tweets Ago
0,Fri Jun 15 06:45:00 +0000 2018,0.306,0.694,0.0,Fox News,"Florida man drops meth off at sheriff's office for testing after suffering 'bad reaction,' police say. https://t.co/jzz1WnWiGw",-0.765,0
1,Fri Jun 15 06:30:00 +0000 2018,0.479,0.521,0.0,Fox News,"Wisconsin teen with disabilities suffered 'slow death' due to mother's neglect, authorities say. https://t.co/2jvichRH4V",-0.8779,1
2,Fri Jun 15 06:15:00 +0000 2018,0.362,0.638,0.0,Fox News,Arkansas highway drenched in Fireball whiskey after fiery semi-truck crash. https://t.co/TNs1mVYfrX,-0.6249,2
3,Fri Jun 15 05:59:00 +0000 2018,0.163,0.769,0.068,Fox News,".@PressSec on immigration: ""The separation of illegal alien families is the product of the same legal loopholes tha‚Ä¶ https://t.co/Isk1ikj4t8",-0.4767,3
4,Fri Jun 15 05:45:00 +0000 2018,0.0,1.0,0.0,Fox News,"'I've never seen anything that big before'

Angler catches 'beast' porbeagle shark off Welsh coast. https://t.co/A1vF9BZyof",0.0,4
5,Fri Jun 15 05:30:00 +0000 2018,0.139,0.861,0.0,Fox News,MMA star McGregor says he feels remorse after Brooklyn brawl that went viral. https://t.co/3vVCm92D9O,-0.2732,5
6,Fri Jun 15 05:16:00 +0000 2018,0.0,1.0,0.0,Fox News,House leadership's text of new immigration bill revealed. https://t.co/jhbmTZrfCK,0.0,6
7,Fri Jun 15 05:01:01 +0000 2018,0.0,1.0,0.0,Fox News,"Alabama sisters give birth on the same day, around the same time, for the second time in 9 years. https://t.co/BmNGSsbLx3",0.0,7
8,Fri Jun 15 04:45:00 +0000 2018,0.25,0.75,0.0,Fox News,Oklahoma police officer saves choking boy in dramatic video. https://t.co/jxUdgV6W4X,-0.4588,8
9,Fri Jun 15 04:30:00 +0000 2018,0.0,1.0,0.0,Fox News,.@POTUS blasts the Russia allegations as a 'pile of garbage' https://t.co/tyIUnj8kyy,0.0,9
10,Fri Jun 15 04:16:00 +0000 2018,0.252,0.748,0.0,Fox News,"Waffle House customers handcuffed over 50-cent price dispute.
https://t.co/sle7ZDT1TE",-0.4019,10
11,Fri Jun 15 04:01:00 +0000 2018,0.141,0.859,0.0,Fox News,"FBI employees received 'improper' gifts from reporters, routinely leaked to media without authorization, according‚Ä¶ https://t.co/MHp95Yt7dP",-0.3182,11
12,Fri Jun 15 03:43:00 +0000 2018,0.0,0.684,0.316,Fox News,President @realDonaldTrump wished the @USArmy a happy birthday. https://t.co/T2KuIG85mU https://t.co/SWDgA6Ioeq,0.5719,12
13,Fri Jun 15 03:29:01 +0000 2018,0.0,1.0,0.0,Fox News,World Cup fever hits the @UN as ambassadors don their nations' soccer shirts. https://t.co/1LAdxhEany https://t.co/ocqDIJJ4N7,0.0,13
14,Fri Jun 15 03:15:00 +0000 2018,0.182,0.657,0.161,Fox News,"FBI Director Wray admits mistakes made, stands by his investigators. https://t.co/zGyaD7JPBg",-0.0772,14
15,Fri Jun 15 03:00:46 +0000 2018,0.0,1.0,0.0,Fox News,'Why Did I Only Find Out Today': Nunes Rips DOJ for Holding Back Docs Until IG Report. https://t.co/SGgSuUuCyD,0.0,15
16,Fri Jun 15 02:55:00 +0000 2018,0.0,1.0,0.0,Fox News,".@DineshDSouza reacting to the DOJ IG report: ""This is unprecedented. The FBI attempting to, in a sense, shape the‚Ä¶ https://t.co/NlkGaEr7XX",0.0,16
17,Fri Jun 15 02:50:06 +0000 2018,0.0,1.0,0.0,Fox News,".@IngrahamAngle: ""It makes me wildly nauseous reading this IG report and learning how @Comey and his colleagues int‚Ä¶ https://t.co/6lXPr8eOKb",0.0,17
18,Fri Jun 15 02:43:57 +0000 2018,0.0,1.0,0.0,Fox News,".@IngrahamAngle: ""The evidence shows that FBI Director Jim @Comey operated according to his own set of rules in the‚Ä¶ https://t.co/hRZJqooqMn",0.0,18
19,Fri Jun 15 02:41:00 +0000 2018,0.174,0.826,0.0,Fox News,.@PressSec Sarah Sanders slams CNN's Jim Acosta in tense briefing: 'It's hard for you to understand even short sent‚Ä¶ https://t.co/dvJwxHgWns,-0.4215,19
20,Fri Jun 15 02:36:40 +0000 2018,0.162,0.733,0.105,Fox News,".@marklevinshow: IG Report Shows Strzok, Comey Interfered 'Worse Than the Russians Could Ever Dream Of' https://t.co/kOInsKQHM9",-0.2732,20
21,Fri Jun 15 02:35:23 +0000 2018,0.0,1.0,0.0,Fox News,"Rep. @DevinNunes: ""The same people in charge today still believe they can run the clock out, and they're trying to‚Ä¶ https://t.co/5ovo6TRAZf",0.0,21
22,Fri Jun 15 02:28:13 +0000 2018,0.0,1.0,0.0,Fox News,"Shooting near Colorado dentist's office wounds 4, including children, reports say. https://t.co/8jcsfgaOBR",0.0,22
23,Fri Jun 15 02:27:17 +0000 2018,0.0,1.0,0.0,Fox News,"Rep. @DevinNunes on revelations in the DOJ IG investigation: ""These are emails or text messages that somebody held‚Ä¶ https://t.co/rughpPlSkZ",0.0,23
24,Fri Jun 15 02:20:26 +0000 2018,0.0,1.0,0.0,Fox News,Brain-eating amoeba found in Louisiana drinking water again. https://t.co/5tIsDKAvMm,0.0,24
25,Fri Jun 15 02:17:53 +0000 2018,0.0,1.0,0.0,Fox News,House leadership's text of new immigration bill revealed. https://t.co/CMpQLHZDCl,0.0,25
26,Fri Jun 15 02:13:36 +0000 2018,0.141,0.859,0.0,Fox News,"FBI employees received 'improper' gifts from reporters, routinely leaked to media without authorization, according‚Ä¶ https://t.co/A2yizbx5dJ",-0.3182,26
27,Fri Jun 15 02:07:53 +0000 2018,0.143,0.683,0.174,Fox News,"Roller coaster riders thrown, rescued at Daytona Beach boardwalk after car derails. https://t.co/GWHo6J8H7U",0.128,27
28,Fri Jun 15 01:59:19 +0000 2018,0.0,1.0,0.0,Fox News,".@SebGorka on IG report: ""It doesn't get us to the point at which we have people perp walked out of the FBI and the‚Ä¶ https://t.co/0nTKr7AVDe",0.0,28
29,Fri Jun 15 01:47:16 +0000 2018,0.15,0.688,0.163,Fox News,".@seanhannity Calls Stunning IG Report a 'Swamp Document', Rips Inspector for Denying 'Bias' https://t.co/1E5dmsT47X",0.0516,29
30,Fri Jun 15 01:44:53 +0000 2018,0.0,1.0,0.0,Fox News,".@marklevinshow on IG report: ""There's not a single pro-Trump text. There's not a single anti-Hillary text.""‚Ä¶ https://t.co/PWrD01xHqM",0.0,30
31,Fri Jun 15 01:42:20 +0000 2018,0.0,0.804,0.196,Fox News,".@JudgeJeanine on IG report: ""Any judge worth his or her salt would dismiss a case like this in a second."" #Hannity‚Ä¶ https://t.co/nEN2XfFT3W",0.5267,31
32,Fri Jun 15 01:41:36 +0000 2018,0.0,1.0,0.0,Fox News,TUNE IN: @3doorsdown performs LIVE as part of the @foxandfriends All-American Summer Concert Series. Tune in to Fox‚Ä¶ https://t.co/QxL73utZ5X,0.0,32
33,Fri Jun 15 01:37:14 +0000 2018,0.061,0.939,0.0,Fox News,".@JudgeJeanine: ""The inspector general's report does nothing but whitewash a series of facts that are so corrupt, s‚Ä¶ https://t.co/tfAlIqRniA",-0.0286,33
34,Fri Jun 15 01:31:34 +0000 2018,0.328,0.672,0.0,Fox News,"FBI employee crudely slams Trump voters as 'all poor to middle class, uneducated, lazy POS,' IG report says https://t.co/2Y1FJNy0q2",-0.7783,34
35,Fri Jun 15 01:30:33 +0000 2018,0.0,0.818,0.182,Fox News,"Rudy Giuliani on IG report: ""Rod Rosenstein and Jeff Sessions have a chance to redeem themselves, and that chance c‚Ä¶ https://t.co/W4LI2nDKEX",0.4588,35
36,Fri Jun 15 01:26:36 +0000 2018,0.173,0.827,0.0,Fox News,"James Gnomey: Hours after IG report released, Comey posts odd photo https://t.co/temp7jNw62",-0.3182,36
37,Fri Jun 15 01:15:15 +0000 2018,0.0,1.0,0.0,Fox News,".@seanhannity: ""With @HillaryClinton, everyone was given immunity. With @realDonaldTrump, it's search warrants, sub‚Ä¶ https://t.co/Li3GsNP0Gu",0.0,37
38,Fri Jun 15 01:07:07 +0000 2018,0.0,1.0,0.0,Fox News,Dem Attorney: There's an 'Exaggeration' of Strzok's Impact on Trump https://t.co/wyxVeFIzmd,0.0,38
39,Fri Jun 15 01:01:21 +0000 2018,0.0,0.759,0.241,Fox News,".@DonaldJTrumpJr on @POTUS: ""They're watching him win despite all of the noise."" https://t.co/7EjQ8BhX0F",0.5859,39
40,Fri Jun 15 00:58:48 +0000 2018,0.128,0.872,0.0,Fox News,"""It's nonsense."" ‚Äî@DonaldJTrumpJr on the NY Attorney General's lawsuit against the Trump Foundation‚Ä¶ https://t.co/fUwJwrvO0J",-0.2263,40
41,Fri Jun 15 00:51:28 +0000 2018,0.0,1.0,0.0,Fox News,".@DonaldJTrumpJr on the DOJ IG report: ""When I see what's going on, I think I see what every one else in America is‚Ä¶ https://t.co/NKYltZVndY",0.0,41
42,Fri Jun 15 00:49:32 +0000 2018,0.098,0.902,0.0,Fox News,".@DonaldJTrumpJr on the DOJ IG report: ""As damning as it was, it probably doesn't go far enough as it relates to wh‚Ä¶ https://t.co/1dM0BrnczO",-0.34,42
43,Fri Jun 15 00:48:10 +0000 2018,0.0,1.0,0.0,Fox News,"In a new op-ed, @AlanDersh wrote, ""For me, the major takeaway...is that it conclusively demonstrates why we do not‚Ä¶ https://t.co/MRskKCKauT",0.0,43
44,Fri Jun 15 00:35:00 +0000 2018,0.0,1.0,0.0,Fox News,"FBI's anti-Trump lovebirds, Page and Strzok, used work phones to shield affair from spouses, according to the‚Ä¶ https://t.co/K3fpp1vJSh",0.0,44
45,Fri Jun 15 00:29:57 +0000 2018,0.231,0.769,0.0,Fox News,.@David_Bossie on the IG report: Some FBI employees desperately wanted to stop Trump from being elected. (via‚Ä¶ https://t.co/0l7SBpkmt2,-0.5859,45
46,Fri Jun 15 00:25:02 +0000 2018,0.0,1.0,0.0,Fox News,".@RepRatcliffe: ""I think the conclusions of a lot of folks looking at this report today was that Jim @Comey was a r‚Ä¶ https://t.co/jikZ0JhVxV",0.0,46
47,Fri Jun 15 00:20:37 +0000 2018,0.0,0.833,0.167,Fox News,"'We Will Have a Red Tide': VA GOP Sen Candidate Corey Stewart Rips Tim Kaine, Praises Trump 'Successes' https://t.co/esll8oOohT",0.5267,47
48,Fri Jun 15 00:14:16 +0000 2018,0.0,1.0,0.0,Fox News,"Former FBI Assistant Director Ron Hosko on the DOJ IG report: ""It's deeply concerning."" https://t.co/jzIMFufscP https://t.co/aYrJ3udfbf",0.0,48
49,Fri Jun 15 00:09:48 +0000 2018,0.0,1.0,0.0,Fox News,".@TuckerCarlson: ""The FBI is out of control."" #Tucker https://t.co/jzIMFufscP https://t.co/3z7f1y9YKm",0.0,49
50,Fri Jun 15 00:06:26 +0000 2018,0.0,1.0,0.0,Fox News,".@SpeakerRyan on #CongressionalBaseballGame: ""Our prayers are answered. Look at [@SteveScalise]. A year later, to t‚Ä¶ https://t.co/9P4ZX05waT",0.0,50
51,Thu Jun 14 23:58:04 +0000 2018,0.135,0.734,0.131,Fox News,"Jonathan Turley on IG report: ""@Comey is now on the record once again for violating core Department of Justice rule‚Ä¶ https://t.co/tV7ph6jKTO",-0.0258,51
52,Thu Jun 14 23:53:57 +0000 2018,0.062,0.938,0.0,Fox News,"Jonathan Turley on IG report: ""The inspector general did not say that there was an absence of evidence of bias, he‚Ä¶ https://t.co/9ifr4JrlZV",-0.1027,52
53,Thu Jun 14 23:48:13 +0000 2018,0.106,0.894,0.0,Fox News,".@CLewandowski_ on NY AG's lawsuit against Trump Foundation: ""This is politics at its very worst."" #TheStory‚Ä¶ https://t.co/9LyHnX3Vex",-0.2263,53
54,Thu Jun 14 23:47:20 +0000 2018,0.0,0.893,0.107,Fox News,"Moments ago, Republicans and Democrats playing in the #CongressionalBaseballGame stood as the national anthem playe‚Ä¶ https://t.co/90XKdX8SAe",0.2023,54
55,Thu Jun 14 23:37:34 +0000 2018,0.0,1.0,0.0,Fox News,.@SteveScalise 'back in the game' at Congressional Baseball event one year after being shot https://t.co/KCaQUXkdtN,0.0,55
56,Thu Jun 14 23:35:58 +0000 2018,0.0,1.0,0.0,Fox News,".@marcthiessen on IG report: ""We now have confirmation that @HillaryClinton's recklessness in handling classified i‚Ä¶ https://t.co/9m0Ve1CKdf",0.0,56
57,Thu Jun 14 23:29:49 +0000 2018,0.0,1.0,0.0,Fox News,"Danny Coulson on Clinton email probe: ""[The investigation] was conducted by people at a much too high level. They s‚Ä¶ https://t.co/Ff8y3GXQHa",0.0,57
58,Thu Jun 14 23:27:10 +0000 2018,0.0,1.0,0.0,Fox News,".@RepSwalwell on IG report: ""[@realDonaldTrump] just weeks before the election wanted to throw a parade for James‚Ä¶ https://t.co/etMPUb3tyX",0.0,58
59,Thu Jun 14 23:25:00 +0000 2018,0.234,0.766,0.0,Fox News,".@RepSwalwell on IG report: ""This report found that there were no crimes by Clinton, no bias at the FBI and somethi‚Ä¶ https://t.co/iS1ElAOZWa",-0.5859,59
60,Thu Jun 14 23:06:41 +0000 2018,0.0,1.0,0.0,Fox News,House Majority Whip @SteveScalise takes the field at the #CongressionalBaseballGame one year after he was shot whil‚Ä¶ https://t.co/cit5xHbt66,0.0,60
61,Thu Jun 14 23:01:52 +0000 2018,0.0,0.702,0.298,Fox News,PLAY BALL: Republicans and Democrats face off in the #CongressionalBaseballGame for charity.  (Courtesy: MLB Networ‚Ä¶ https://t.co/MGQtnLq6dv,0.7125,61
62,Thu Jun 14 22:59:08 +0000 2018,0.0,0.842,0.158,Fox News,".@ChuckLane1: ""If Jim @Comey had followed policy and practice, he be would so much better off today.""‚Ä¶ https://t.co/7YSkvEnSHE",0.4902,62
63,Thu Jun 14 22:56:44 +0000 2018,0.0,1.0,0.0,Fox News,.@HillaryClinton gives a 3-word reaction to the DOJ IG findings. https://t.co/sPQoJRrWQp,0.0,63
64,Thu Jun 14 22:49:01 +0000 2018,0.065,0.935,0.0,Fox News,".@CharlesHurt on the DOJ IG report: ""The whole report also shows rampant political bias all up and down the system.‚Ä¶ https://t.co/90LJ0KV0zt",-0.1027,64
65,Thu Jun 14 22:47:00 +0000 2018,0.182,0.657,0.161,Fox News,"FBI Director Wray admits mistakes made, stands by his investigators. https://t.co/zGyaD81qZQ",-0.0772,65
66,Thu Jun 14 22:41:00 +0000 2018,0.0,0.816,0.184,Fox News,North Korea's state media depict Kim as hero and star of the Singapore summit with @POTUS. https://t.co/VqCJLjY7Nu,0.5574,66
67,Thu Jun 14 22:36:00 +0000 2018,0.362,0.638,0.0,Fox News,Arkansas highway drenched in Fireball whiskey after fiery semi-truck crash. https://t.co/TNs1mVGEAp,-0.6249,67
68,Thu Jun 14 22:29:27 +0000 2018,0.208,0.792,0.0,Fox News,"Rep. @TGowdySC: ""All of us have lost when we have a department and a bureau that we can not have confidence in.""‚Ä¶ https://t.co/p3WpsZ5zZb",-0.6126,68
69,Thu Jun 14 22:28:05 +0000 2018,0.191,0.809,0.0,Fox News,Troops to teachers brings service from the battlefield to the classroom. https://t.co/8G6hSPb9VN,-0.3818,69
70,Thu Jun 14 22:22:18 +0000 2018,0.0,1.0,0.0,Fox News,"Seven highlights from bombshell IG report.
https://t.co/PasbyXR84v",0.0,70
71,Thu Jun 14 22:21:10 +0000 2018,0.054,0.946,0.0,Fox News,"Rep. @TGowdySC: ""It doesn't matter what Mueller comes up with, some people are going to believe because [FBI Specia‚Ä¶ https://t.co/50dowrwRpR",-0.0191,71
72,Thu Jun 14 22:15:35 +0000 2018,0.0,1.0,0.0,Fox News,House Majority Whip @SteveScalise has left the Capitol for tonight's Congressional Baseball Game. Scalise was wound‚Ä¶ https://t.co/ER66jhnfAm,0.0,72
73,Thu Jun 14 22:11:16 +0000 2018,0.0,0.856,0.144,Fox News,".@RepGoodlatte: ""This report shows that there was special treatment given to @HillaryClinton in the investigation o‚Ä¶ https://t.co/xNJhmBRRsD",0.4019,73
74,Thu Jun 14 22:09:19 +0000 2018,0.0,1.0,0.0,Fox News,"Rep. @TGowdySC on the DOJ IG report: ""Just what a dark day it is for the FBI and the DOJ."" #SpecialReport‚Ä¶ https://t.co/YDu3RsimPE",0.0,74
75,Thu Jun 14 22:00:00 +0000 2018,0.0,1.0,0.0,Fox News,TUNE IN: Reps. Trey Gowdy and Bob Goodlatte speak to @BretBaier. Watch @SpecialReport now on Fox News Channel!‚Ä¶ https://t.co/E1GgQSR7Ty,0.0,75
76,Thu Jun 14 21:56:18 +0000 2018,0.087,0.913,0.0,Fox News,"FBI Director Christopher Wray on IG report: ""There's some sobering lessons in there and we're gonna learn those les‚Ä¶ https://t.co/NOPhw9JiHC",-0.2023,76
77,Thu Jun 14 21:53:27 +0000 2018,0.148,0.739,0.113,Fox News,"FBI Director Christopher Wray on leaking: ""We're going to make painfully clear to everybody that we won't tolerate‚Ä¶ https://t.co/z93I2VzNz0",-0.2023,77
78,Thu Jun 14 21:49:11 +0000 2018,0.0,0.887,0.113,Fox News,"FBI Director Christopher Wray on IG report: ""We're gonna make sure that every FBI employee understands the lessons‚Ä¶ https://t.co/XvUtOEew9G",0.3182,78
79,Thu Jun 14 21:48:00 +0000 2018,0.297,0.703,0.0,Fox News,"FBI Director Christopher Wray on the FBI: ""Just in the past several months, we've disrupted terrorist attacks in pl‚Ä¶ https://t.co/uth2aaj436",-0.8225,79
80,Thu Jun 14 21:42:22 +0000 2018,0.331,0.669,0.0,Fox News,"FBI Director Christopher Wray: ""The report does identify errors of judgment, violations of or even disregard for po‚Ä¶ https://t.co/5cuXO23LXg",-0.7845,80
81,Thu Jun 14 21:42:00 +0000 2018,0.0,1.0,0.0,Fox News,"FBI Director Christopher Wray: ""We need to hold ourselves accountable for the choices we make and the work we do."" https://t.co/YnOXxQhpQT",0.0,81
82,Thu Jun 14 21:40:07 +0000 2018,0.076,0.924,0.0,Fox News,"FBI Director Christopher Wray: ""This report did not find any evidence of political bias or improper considerations‚Ä¶ https://t.co/lFoqTR9TXD",-0.1027,82
83,Thu Jun 14 21:38:04 +0000 2018,0.0,0.867,0.133,Fox News,"FBI Director Christopher Wray: ""The FBI's mission is to protect the American people and uphold the Constitution.""‚Ä¶ https://t.co/d4IWjBSW7s",0.3818,83
84,Thu Jun 14 21:36:46 +0000 2018,0.084,0.805,0.11,Fox News,"FBI Director Christopher Wray on IG report: ""I take this report very seriously and we accept its findings and recom‚Ä¶ https://t.co/U1fsKWVNXa",0.1548,84
85,Thu Jun 14 21:33:59 +0000 2018,0.0,0.734,0.266,Fox News,"FBI Director Christopher Wray: ""I appreciate the IG's work on this important review."" https://t.co/NxlYbIlejC https://t.co/RSIF4nGEoe",0.5719,85
86,Thu Jun 14 21:33:21 +0000 2018,0.0,1.0,0.0,Fox News,TONIGHT: Reps. Trey Gowdy and Bob Goodlatte speak to @BretBaier. Tune in to @SpecialReport on Fox News Channel at 6‚Ä¶ https://t.co/X4yFPxqEz0,0.0,86
87,Thu Jun 14 21:32:26 +0000 2018,0.0,0.815,0.185,Fox News,FBI Director Christopher Wray holds a news conference on the Department of Justice Inspector General report.‚Ä¶ https://t.co/3TLL48i6HI,0.5267,87
88,Thu Jun 14 21:32:14 +0000 2018,0.0,0.884,0.116,Fox News,.@AlanDersh on IG report: DOJ watchdog should have been much tougher on Comey https://t.co/Vld8KwEjmx,0.1779,88
89,Thu Jun 14 21:28:57 +0000 2018,0.134,0.726,0.14,Fox News,"CA Attorney: California Is 'Like a Drunk, It Has to Hit Rock-Bottom' Before Things Change https://t.co/iDacbAmum4",0.0258,89
90,Thu Jun 14 21:23:46 +0000 2018,0.0,1.0,0.0,Fox News,".@kimguilfoyle on IG report: ""This is really egregious. You're talking about the FBI that is held to the highest re‚Ä¶ https://t.co/ryGTkf1rag",0.0,90
91,Thu Jun 14 21:17:34 +0000 2018,0.0,1.0,0.0,Fox News,".@kimguilfoyle on IG report: ""There you go, @HillaryClinton, the rules of law do not apply to her or to Mr. @Comey.‚Ä¶ https://t.co/eggwIpeoay",0.0,91
92,Thu Jun 14 21:15:08 +0000 2018,0.159,0.841,0.0,Fox News,".@BretBaier on @JusticeOIG report: ""The big loser: James @Comey. This IG really goes after the former @FBI director‚Ä¶ https://t.co/kifryKTm3T",-0.5267,92
93,Thu Jun 14 21:11:22 +0000 2018,0.0,0.87,0.13,Fox News,"IG report: DOJ official sought Clinton campaign job for son, then shared case info with Podesta https://t.co/Uv5VGCI7hz",0.34,93
94,Thu Jun 14 21:07:21 +0000 2018,0.0,0.876,0.124,Fox News,".@nikkihaley and other ambassadors on the @UN Security Council posed for a photo op Thursday, each wearing a jersey‚Ä¶ https://t.co/SSGWVaMO6s",0.34,94
95,Thu Jun 14 21:05:18 +0000 2018,0.086,0.693,0.221,Fox News,"BEAR'S BEST FRIEND: Most folks might run away in fear after coming face-to-face with a bear, but not 5-year-old Ian‚Ä¶ https://t.co/YbYbqqCP5T",0.516,95
96,Thu Jun 14 20:59:13 +0000 2018,0.0,1.0,0.0,Fox News,".@RepValDemings: ""What we do know is that there is nothing in the IG report that demonstrates that any action taken‚Ä¶ https://t.co/JL9Pja7wy2",0.0,96
97,Thu Jun 14 20:48:26 +0000 2018,0.156,0.688,0.156,Fox News,".@SenFeinstein: ""What the @JusticeOIG did conclude was that James @Comey violated Department of Justice policies on‚Ä¶ https://t.co/7yyDHhv1RF",0.0,97
98,Thu Jun 14 20:43:51 +0000 2018,0.0,1.0,0.0,Fox News,"Earlier, @VP Mike Pence tweeted that he is looking forward to seeing @SteveScalise return to the field for the annu‚Ä¶ https://t.co/83b39PDrFr",0.0,98
99,Thu Jun 14 20:34:52 +0000 2018,0.0,1.0,0.0,Fox News,'Don't You Have Any Empathy?!': Playboy Reporter Goes After Sanders on Migrant Kids Being Separated From Parents. https://t.co/K7giEvC3OR,0.0,99
100,Fri Jun 15 06:46:00 +0000 2018,0.0,1.0,0.0,CNN,Sef Scott has autism and is usually nonverbal. But he stood before his high school classmates to deliver a powerful‚Ä¶ https://t.co/H8rQjAzgVr,0.0,0
101,Fri Jun 15 06:42:05 +0000 2018,0.0,1.0,0.0,CNN,What was Trump thinking when he saluted a North Korean general? | Analysis by @CillizzaCNN https://t.co/LAFfUyC3Vf https://t.co/ZdsYNWSZKc,0.0,1
102,Fri Jun 15 06:31:05 +0000 2018,0.167,0.833,0.0,CNN,"To avoid humans, more wildlife now work the night shift https://t.co/J3loTdDBRI https://t.co/h94e8QF79O",-0.296,2
103,Fri Jun 15 06:01:05 +0000 2018,0.148,0.71,0.142,CNN,"Target pulls ""Baby Daddy"" Father's Day greeting card from stores after customer complaints https://t.co/9hIfjz9lzQ https://t.co/7ofYVGQhQL",-0.0258,3
104,Fri Jun 15 05:46:00 +0000 2018,0.172,0.828,0.0,CNN,Americans are having fewer babies ‚Äî and that's putting diaper sales in trouble https://t.co/eqzJW0Vji9 https://t.co/7k7nCt6wbN,-0.4019,4
105,Fri Jun 15 05:31:04 +0000 2018,0.193,0.647,0.16,CNN,This might be China's most beautiful abandoned village -- a place where empty houses have been taken over by a blan‚Ä¶ https://t.co/nbmafFK1WO,0.0296,5
106,Fri Jun 15 05:16:00 +0000 2018,0.0,0.681,0.319,CNN,"This small boutique Hotel Esencia is less than 2 hours from Canc√∫n, but offers the peace and tranquility of Mexico'‚Ä¶ https://t.co/5bkg6Et3jG",0.8573,6
107,Fri Jun 15 05:01:05 +0000 2018,0.128,0.872,0.0,CNN,Doctors saw immigrant children being separated from their parents. Now they're trying to stop this.‚Ä¶ https://t.co/38ZsebmOf6,-0.296,7
108,Fri Jun 15 04:51:58 +0000 2018,0.0,1.0,0.0,CNN,This is how airplane seats for the world's longest flight are made https://t.co/QO83CcPll0 https://t.co/XlwpcP4DWT,0.0,8
109,Fri Jun 15 04:31:08 +0000 2018,0.0,0.779,0.221,CNN,The 5 key lines from the Justice Department's #IGReport | Analysis by @CillizzaCNN https://t.co/fzQJnqiAiJ https://t.co/zqHDpQiEfw,0.5267,9
110,Fri Jun 15 04:30:36 +0000 2018,0.0,1.0,0.0,CNN,"President Trump's personal lawyer Michael Cohen filed for a restraining order against Stormy Daniels' lawyer, Micha‚Ä¶ https://t.co/pJfZKtjYdt",0.0,10
111,Fri Jun 15 04:01:03 +0000 2018,0.138,0.862,0.0,CNN,Trump faces what he's long avoided: being held to account | By Michael D'Antonio via @CNNOpinion‚Ä¶ https://t.co/IzH56S5zDw,-0.34,11
112,Fri Jun 15 03:46:05 +0000 2018,0.0,0.805,0.195,CNN,Rep. Darrell Issa alleges evidence of 'bias' and 'conspiracy' in the Justice Department's #IGReport‚Ä¶ https://t.co/t1dJcBnXov,0.5267,12
113,Fri Jun 15 03:40:01 +0000 2018,0.211,0.789,0.0,CNN,"Two riders fell 34 feet to the ground when a roller coaster derailed in Florida, the Daytona Beach Fire Department‚Ä¶ https://t.co/UMAVPWb3Qk",-0.5859,13
114,Fri Jun 15 03:31:06 +0000 2018,0.0,1.0,0.0,CNN,Just imagine if Obama had done it.... | By Dean Obeidallah via @CNNOpinion https://t.co/nqHhS9wMJ0 https://t.co/Q9Wjpm4GwQ,0.0,14
115,Fri Jun 15 03:26:06 +0000 2018,0.078,0.922,0.0,CNN,"A salmonella outbreak that affected 73 people in 31 states has been linked to Kellogg's Honey Smacks cereal, the CD‚Ä¶ https://t.co/aSBpu8gqkq",-0.1531,15
116,Fri Jun 15 03:21:04 +0000 2018,0.109,0.769,0.122,CNN,"The Arizona Republican Party is calling on David Stringer, a Republican state lawmaker, to resign after he said tha‚Ä¶ https://t.co/OmYDV8MfiY",0.0772,16
117,Fri Jun 15 03:16:03 +0000 2018,0.0,1.0,0.0,CNN,Hillary Clinton's former 2016 campaign manager Robby Mook called the revelation that former FBI Director James Come‚Ä¶ https://t.co/DK7vkhx0uX,0.0,17
118,Fri Jun 15 03:12:15 +0000 2018,0.0,0.884,0.116,CNN,"RT @CuomoPrimeTime: .@chriscuomo: ""So God wants these families separated at the border in this way? Doesn‚Äôt sound very WWJD, does it? That'‚Ä¶",0.4124,18
119,Fri Jun 15 03:06:06 +0000 2018,0.0,1.0,0.0,CNN,"The Mesa, Arizona, Police Department, already under scrutiny over allegations of excessive force, says it's reviewi‚Ä¶ https://t.co/LRm9pSWvRR",0.0,19
120,Fri Jun 15 03:01:00 +0000 2018,0.0,1.0,0.0,CNN,"CNN's Jim Acosta asks about family separations at the border: ""Why is the government doing this?""

White House pres‚Ä¶ https://t.co/y5MIeb3Lhi",0.0,20
121,Fri Jun 15 02:56:05 +0000 2018,0.0,1.0,0.0,CNN,"Former Maricopa County, Arizona, Sheriff Joe Arpaio suggested that parents who bring their children into the US ill‚Ä¶ https://t.co/RoLGHR8v9g",0.0,21
122,Fri Jun 15 02:53:05 +0000 2018,0.133,0.645,0.222,CNN,The US rejected a request from the United Arab Emirates to provide military support to the Saudi-led coalition's op‚Ä¶ https://t.co/tGM5Zgq5oz,0.296,22
123,Fri Jun 15 02:51:05 +0000 2018,0.0,1.0,0.0,CNN,House Majority Whip Steve Scalise records first out in return to Congressional Baseball Game for Charity‚Ä¶ https://t.co/3Ax2d6mMNI,0.0,23
124,Fri Jun 15 02:49:06 +0000 2018,0.0,1.0,0.0,CNN,The FBI got swamped by a 500-year flood | By Josh Campbell via @CNNOpinion https://t.co/l3ruPmG2x0 https://t.co/tZPtBk8vaT,0.0,24
125,Fri Jun 15 02:46:03 +0000 2018,0.0,1.0,0.0,CNN,Will there be redemption for Mat Ryan and Australia this World Cup? https://t.co/pu5cBvYQ5r https://t.co/n5qOf2zui2,0.0,25
126,Fri Jun 15 02:41:21 +0000 2018,0.091,0.909,0.0,CNN,"An Arizona student has filed a lawsuit against a fraternity and several of its members, alleging that some of its b‚Ä¶ https://t.co/i0uRI8A59T",-0.2263,26
127,Fri Jun 15 02:36:06 +0000 2018,0.073,0.833,0.094,CNN,The FDA warns consumers in 10 more states not to eat cut melon due to salmonella https://t.co/cjEUyp7RQD https://t.co/tZFZrgoKcD,0.1063,27
128,Fri Jun 15 02:31:03 +0000 2018,0.0,1.0,0.0,CNN,"Renowned physicist Stephen Hawking spent his life teaching the world about space, so it is perhaps fitting that sci‚Ä¶ https://t.co/beYsiFrHW6",0.0,28
129,Fri Jun 15 02:16:06 +0000 2018,0.0,0.859,0.141,CNN,"The US and Russia are ""exploring an opportunity"" for a possible meeting between President Trump and Russian Preside‚Ä¶ https://t.co/kEP4Y56CEq",0.4215,29
130,Fri Jun 15 02:07:50 +0000 2018,0.11,0.89,0.0,CNN,"RT @CuomoPrimeTime: ""What would Jesus do? He would be on the side of the poor and the downtrodden, not on the side of what's happening righ‚Ä¶",-0.4767,30
131,Fri Jun 15 02:07:18 +0000 2018,0.0,0.837,0.163,CNN,It's #FlagDay. Here are some fun facts about the American flag you may not have known. https://t.co/zqJv4NKZYb https://t.co/IGij6uZF0p,0.5106,31
132,Fri Jun 15 02:01:10 +0000 2018,0.0,1.0,0.0,CNN,Republicans unveil a draft DACA citizenship-border wall compromise bill https://t.co/Oa3wcpFIjg https://t.co/ofWP4hGPf3,0.0,32
133,Fri Jun 15 01:59:34 +0000 2018,0.273,0.727,0.0,CNN,Savage Shinnecock Hills humbles golf stars https://t.co/ddpvs6S9Ek #USOpen https://t.co/nHcCuThahg,-0.4588,33
134,Fri Jun 15 01:53:03 +0000 2018,0.254,0.635,0.111,CNN,"The United States is putting its own economy at risk with aggressive trade tactics and a ballooning deficit, the In‚Ä¶ https://t.co/k2vDEK9bH7",-0.3818,34
135,Fri Jun 15 01:45:54 +0000 2018,0.0,1.0,0.0,CNN,RT @CuomoPrimeTime: Sheriff Joe Arpaio on Trump's border policy: ‚ÄúI understand separating the kids from their families. What about the thou‚Ä¶,0.0,35
136,Fri Jun 15 01:45:40 +0000 2018,0.135,0.865,0.0,CNN,"Sen. John McCain implicitly criticized President Donald Trump for ""parroting"" North Korean and Chinese rhetoric abo‚Ä¶ https://t.co/WZFJzZxOeh",-0.3612,36
137,Fri Jun 15 01:43:35 +0000 2018,0.091,0.909,0.0,CNN,"RT @CuomoPrimeTime: ‚ÄúReally‚Ä¶ I mean Chris, come on.‚Äù GOP Rep. Jim Jordan responds with incredulity to the IG's statement that five biased F‚Ä¶",-0.2732,37
138,Fri Jun 15 01:41:56 +0000 2018,0.0,1.0,0.0,CNN,"SpinLaunch, a Silicon Valley startup, has announced plans to launch rockets without spending any money on tradition‚Ä¶ https://t.co/zc3KzVfW0w",0.0,38
139,Fri Jun 15 01:31:25 +0000 2018,0.0,1.0,0.0,CNN,RT @AC360: Former US Attorney @PreetBharara tells @andersoncooper he has not made a decision on whether or not he will run for the office o‚Ä¶,0.0,39
140,Fri Jun 15 01:23:06 +0000 2018,0.0,1.0,0.0,CNN,AT&amp;T announces it has completed the acquisition of Time Warner. The announcement comes two days after a judge ruled‚Ä¶ https://t.co/KMehy3XT3n,0.0,40
141,Fri Jun 15 01:15:05 +0000 2018,0.0,0.783,0.217,CNN,"President Donald Trump has approved tariffs on $50 billion worth of Chinese goods, according to a source with knowl‚Ä¶ https://t.co/fPMFqRhB3x",0.5719,41
142,Fri Jun 15 00:49:47 +0000 2018,0.0,1.0,0.0,CNN,What James Comey did and what the IG's 500-page report said about it https://t.co/2TajVJd0oL https://t.co/HPGM9RPNei,0.0,42
143,Fri Jun 15 00:37:25 +0000 2018,0.0,1.0,0.0,CNN,RT @CNNMoney: AT&amp;T announces it has completed the acquisition of Time Warner. The announcement comes two days after a judge ruled that the‚Ä¶,0.0,43
144,Fri Jun 15 00:35:07 +0000 2018,0.08,0.92,0.0,CNN,"‚ÄúThere was really no reason given, but I think that the events of the last week have been telling.‚Äù Veteran cartoon‚Ä¶ https://t.co/PeraYsx3h8",-0.1893,44
145,Fri Jun 15 00:31:06 +0000 2018,0.0,0.793,0.207,CNN,6 takeaways from the Justice Department watchdog report on the Clinton email investigation https://t.co/2f88ThnL4L https://t.co/FfIFUi63OL,0.5267,45
146,Fri Jun 15 00:21:07 +0000 2018,0.0,0.787,0.213,CNN,"Elliot Schrage, a longtime Facebook exec who played a key role in helping the company organize its response to the‚Ä¶ https://t.co/4hz6gOJ7su",0.5574,46
147,Fri Jun 15 00:11:04 +0000 2018,0.0,1.0,0.0,CNN,A full-time worker earning the federal minimum wage of $7.25 an hour won't be able to afford a 2-bedroom rental any‚Ä¶ https://t.co/E28Zz4Jge6,0.0,47
148,Fri Jun 15 00:08:12 +0000 2018,0.158,0.842,0.0,CNN,"RT @OutFrontCNN: One year after grievous gunshot wound, Steve Scalise returns to congressional baseball game https://t.co/tTNdwQuwTH https:‚Ä¶",-0.4588,48
149,Fri Jun 15 00:06:24 +0000 2018,0.0,0.887,0.113,CNN,"""This isn't King Donald Trump, it's President Donald Trump. He's responsible to us and it's a valid question: Where‚Ä¶ https://t.co/kX2cyK2a1D",0.3182,49
150,Fri Jun 15 00:06:03 +0000 2018,0.0,0.929,0.071,CNN,"Mercedes Schlapp, the White House's director of strategic communications, posted a number of tweets in 2015 that we‚Ä¶ https://t.co/gayhXLi3sm",0.0772,50
151,Fri Jun 15 00:01:06 +0000 2018,0.0,0.88,0.12,CNN,"""Tag"" movie has moments but doesn't leave a mark https://t.co/BLXpAnibzF https://t.co/FjZi8oU4K2",0.0572,51
152,Thu Jun 14 23:56:03 +0000 2018,0.0,0.84,0.16,CNN,The Trump administration has selected federal land in TX as a place to temporarily house unaccompanied immigrant ch‚Ä¶ https://t.co/HPiC1ts7wf,0.4995,52
153,Thu Jun 14 23:51:03 +0000 2018,0.268,0.732,0.0,CNN,China is killing his business. Tariffs could make or break it. https://t.co/N3YgSNo9bo https://t.co/SrRkQcjzTS,-0.6597,53
154,Thu Jun 14 23:46:05 +0000 2018,0.0,0.888,0.112,CNN,The US Department of Homeland Security said that it has identified malicious cyber activity by the North Korean gov‚Ä¶ https://t.co/NMnGJ1U6Or,0.34,54
155,Thu Jun 14 23:41:28 +0000 2018,0.0,0.848,0.152,CNN,RT @OutFrontCNN: The Justice Department's internal watchdog found that former FBI Director James Comey's actions in the Hillary Clinton ema‚Ä¶,0.5267,55
156,Thu Jun 14 23:41:05 +0000 2018,0.0,1.0,0.0,CNN,"A migrant ship's fate symbolizes a divided Europe, Andrea Mammone writes for @CNNOpinion https://t.co/CASBXR18fI https://t.co/t6m4S4uTpc",0.0,56
157,Thu Jun 14 23:37:15 +0000 2018,0.236,0.617,0.147,CNN,"RT @OutFrontCNN: Sen. Richard Blumenthal: ""There is no reason, absolutely no excuse, for using this report to cast doubt on the special cou‚Ä¶",-0.3862,57
158,Thu Jun 14 23:36:03 +0000 2018,0.0,1.0,0.0,CNN,Trump's zero-tolerance policy is un-American | By Alice Driver via @CNNOpinion https://t.co/0wdU5m7FgD,0.0,58
159,Thu Jun 14 23:31:07 +0000 2018,0.141,0.758,0.101,CNN,"Brie Larson says she doesn't ""hate white dudes,"" but wants more diversity among film critics https://t.co/CoGyjhawSL https://t.co/Iqy5Q4lcuY",-0.2025,59
160,Thu Jun 14 23:26:07 +0000 2018,0.0,1.0,0.0,CNN,"Last week, a jogger was caught on video in Oakland throwing away a homeless man's possessions. In the days since th‚Ä¶ https://t.co/2kE3xXQ9gb",0.0,60
161,Thu Jun 14 23:21:04 +0000 2018,0.0,0.925,0.075,CNN,Afghanistan's cricket team makes history as it steps out on the pitch to face India in its first competitive Test m‚Ä¶ https://t.co/ujpRd6khar,0.1779,61
162,Thu Jun 14 23:18:29 +0000 2018,0.0,1.0,0.0,CNN,"RT @OutFrontCNN: CNN's Erin Burnett: ""Democrats conclude Comey helped Trump. Trump concludes Comey helped Clinton. Both sides found somethi‚Ä¶",0.0,62
163,Thu Jun 14 23:16:08 +0000 2018,0.1,0.753,0.146,CNN,A policy adviser for two pro-Trump groups who came under fire last month when a video surfaced of him praising Nazi‚Ä¶ https://t.co/9YkbQ7ZaUs,0.2732,63
164,Thu Jun 14 23:11:05 +0000 2018,0.0,0.876,0.124,CNN,GOP Senate nominees Kevin Cramer and Corey Stewart sought and received the support of an anti-LGBT group that links‚Ä¶ https://t.co/pO0w1s7BW8,0.4019,64
165,Thu Jun 14 23:06:07 +0000 2018,0.0,1.0,0.0,CNN,"Attorney General Jeff Sessions cited the Bible in defending the Trump administration's immigration policies, especi‚Ä¶ https://t.co/Vw9uf7Ggsc",0.0,65
166,Thu Jun 14 23:02:07 +0000 2018,0.262,0.738,0.0,CNN,"AG Jeff Sessions on immigration policy: Illegal entry into the US is a crime; ""I would cite you to the apostle Paul‚Ä¶ https://t.co/FPgJdWiVnq",-0.7964,66
167,Thu Jun 14 22:52:52 +0000 2018,0.0,1.0,0.0,CNN,RT @CNNSitRoom: Mark @PrestonCNN reads from the GOP platform: ‚ÄúChildren raised in a two-parent household tend to be physically and emotiona‚Ä¶,0.0,67
168,Thu Jun 14 22:51:04 +0000 2018,0.153,0.847,0.0,CNN,Roseanne Barr insists her controversial tweet was about anti-Semitism https://t.co/OxBDqd8dEs https://t.co/W1GHF9hWLm,-0.2023,68
169,Thu Jun 14 22:48:50 +0000 2018,0.0,0.921,0.079,CNN,Nigerian President Muhammadu Buhari offers national apology for presidential election annulled 25 years ago‚Ä¶ https://t.co/mKIOneKyU9,0.0516,69
170,Thu Jun 14 22:47:43 +0000 2018,0.0,1.0,0.0,CNN,RT @CNNSitRoom: Attorney General Jeff Sessions cites the Bible in defending the Trump administration's immigration policies resulting in fa‚Ä¶,0.0,70
171,Thu Jun 14 22:46:03 +0000 2018,0.191,0.809,0.0,CNN,"The brother of the gunman who killed 17 students and adults at a Parkland, Florida, school has announced the launch‚Ä¶ https://t.co/ihTzoNzWMW",-0.6705,71
172,Thu Jun 14 22:41:03 +0000 2018,0.0,1.0,0.0,CNN,"""Stranger Things"" star Millie Bobby Brown leaves Twitter amid cyberbulling https://t.co/JB5h4Vk0iL https://t.co/3kFSSSevtJ",0.0,72
173,Thu Jun 14 22:36:07 +0000 2018,0.0,1.0,0.0,CNN,Three Californias? Billionaires' fantasy world is on the ballot | By Jeff Yang via @CNNOpinion‚Ä¶ https://t.co/CiymVADM4D,0.0,73
174,Thu Jun 14 22:31:10 +0000 2018,0.119,0.575,0.305,CNN,"RNC chair's tweet spells doom for the party I love, writes S.E. Cupp for @CNNOpinion https://t.co/6UsntujTRs https://t.co/iTPS7petTK",0.6369,74
175,Thu Jun 14 22:26:00 +0000 2018,0.0,0.837,0.163,CNN,It's #FlagDay. Here are some fun facts about the American flag you may not have known. https://t.co/zqJv4O2BmL https://t.co/iUgsmPL4J2,0.5106,75
176,Thu Jun 14 22:24:32 +0000 2018,0.184,0.816,0.0,CNN,"Rob Rogers, an award-winning editorial cartoonist for the Pittsburgh Post-Gazette, has announced that he was fired‚Ä¶ https://t.co/vnW1rIayz9",-0.5574,76
177,Thu Jun 14 22:21:04 +0000 2018,0.221,0.779,0.0,CNN,UN calls for international inquiry into human rights violations in Kashmir https://t.co/jv3agMGbHP https://t.co/gYg23Bm2mc,-0.5267,77
178,Thu Jun 14 22:16:02 +0000 2018,0.157,0.843,0.0,CNN,Mixed martial arts star Conor McGregor expresses regret over bus brawl after brief court appearance‚Ä¶ https://t.co/998SG8agNn,-0.4215,78
179,Thu Jun 14 22:10:41 +0000 2018,0.0,1.0,0.0,CNN,Garry Hartman runs one of the few chassis manufacturers left in the US. But stiff competition from China is making‚Ä¶ https://t.co/qWROorXAHY,0.0,79
180,Thu Jun 14 21:59:06 +0000 2018,0.225,0.583,0.192,CNN,Prominent Iranian human rights lawyer detained again https://t.co/1uN4dAJnnq https://t.co/uhw9x4c4mo,-0.1027,80
181,Thu Jun 14 21:52:05 +0000 2018,0.111,0.889,0.0,CNN,This is not the first time Trump unwittingly starred in foreign propaganda https://t.co/0pwZRqJGfC | Analysis by Z.‚Ä¶ https://t.co/hhRf6nwQvO,-0.25,81
182,Thu Jun 14 21:50:36 +0000 2018,0.0,1.0,0.0,CNN,"FBI Director Christopher Wray said the FBI will ""hold employees accountable for any potential misconduct"" in respon‚Ä¶ https://t.co/GKS0braNhZ",0.0,82
183,Thu Jun 14 21:46:29 +0000 2018,0.155,0.845,0.0,CNN,"RT @CNNSitRoom: The IG is right to condemn the ""astonishingly bad judgment"" by a few of the FBI employees, but the report is an ""exoneratio‚Ä¶",-0.4678,83
184,Thu Jun 14 21:45:08 +0000 2018,0.203,0.797,0.0,CNN,Rallies protesting immigrant family separations will take place across US https://t.co/Gqj2wiCcl2 https://t.co/WnREMfxxyb,-0.4215,84
185,Thu Jun 14 21:44:53 +0000 2018,0.069,0.931,0.0,CNN,FBI Director Christopher Wray says the inspector general report ‚Äúdid not find any evidence of political bias or imp‚Ä¶ https://t.co/8rdUKwLf0S,-0.1027,85
186,Thu Jun 14 21:39:34 +0000 2018,0.0,1.0,0.0,CNN,"RT @CNNSitRoom: ‚ÄúReturning a salute is not the same as saluting someone, you always return a salute given to you,‚Äù Rep. Issa says about Tru‚Ä¶",0.0,86
187,Thu Jun 14 21:38:04 +0000 2018,0.336,0.664,0.0,CNN,"She often harbored suicidal thoughts. Now, this teen is using technology to fight them. https://t.co/jWlnuCmSf2 https://t.co/AxQSbStZG2",-0.7964,87
188,Thu Jun 14 21:35:37 +0000 2018,0.0,0.833,0.167,CNN,RT @CNNMoney: JUST IN: The Justice Department will not seek a stay in the AT&amp;T-Time Warner case https://t.co/BZgqsQho1m https://t.co/f42IL9‚Ä¶,0.5267,88
189,Thu Jun 14 21:35:19 +0000 2018,0.0,1.0,0.0,CNN,The FBI holds a news conference on the DOJ watchdog's report on the Hillary Clinton email probe. Watch CNN:‚Ä¶ https://t.co/irhwASCYFN,0.0,89
190,Thu Jun 14 21:31:06 +0000 2018,0.0,0.845,0.155,CNN,Elon Musk spends his own money to buy Tesla shares ‚Äî again https://t.co/eljpaxoOIM https://t.co/RN9MNxhe6I,0.296,90
191,Thu Jun 14 21:27:49 +0000 2018,0.0,0.815,0.185,CNN,"White House press secretary Sarah Sanders said a newly released Justice Department watchdog report ""reaffirmed the‚Ä¶ https://t.co/ZWHKDVeffn",0.5267,91
192,Thu Jun 14 21:21:29 +0000 2018,0.209,0.686,0.105,CNN,"RT @TheLeadCNN: The people who were mad about then-President Obama saluting with a coffee cup in his hand would ‚Äú100% be mad about this, if‚Ä¶",-0.4939,92
193,Thu Jun 14 21:21:08 +0000 2018,0.109,0.891,0.0,CNN,"For a 100 million Egyptians the wait is over ‚Äî and so is the tension over whether the country's most famous star, M‚Ä¶ https://t.co/HWNqG1yWmt",-0.3744,93
194,Thu Jun 14 21:21:01 +0000 2018,0.0,0.803,0.197,CNN,RT @TheLeadCNN: Comey erred in his decision not to coordinate with his superiors at the Justice Department at key moments in the Clinton em‚Ä¶,0.6597,94
195,Thu Jun 14 21:19:04 +0000 2018,0.0,0.928,0.072,CNN,"Seth Rogen and Evan Goldberg, who directed the 2014 movie ""The Interview,"" have admitted that they experienced a se‚Ä¶ https://t.co/USjtlASVyi",0.1027,95
196,Thu Jun 14 21:17:30 +0000 2018,0.0,1.0,0.0,CNN,"James Comey used a personal Gmail account for official government business while FBI director, after leading the in‚Ä¶ https://t.co/LINvyFL3cB",0.0,96
197,Thu Jun 14 21:16:09 +0000 2018,0.0,1.0,0.0,CNN,These are Swiss Institute director Simon Castets' picks for what to see outside the Art Basel fair‚Ä¶ https://t.co/0GcLnZZOQN,0.0,97
198,Thu Jun 14 21:11:05 +0000 2018,0.0,1.0,0.0,CNN,Volvo is the latest automaker to bet on this whiz kid's startup https://t.co/ob7wv511Rp https://t.co/87r75LSYtY,0.0,98
199,Thu Jun 14 21:06:03 +0000 2018,0.242,0.758,0.0,CNN,Stolen Christopher Columbus letter to be returned to Vatican https://t.co/2Qr1sGz2QO https://t.co/hQp2gDWJ4i,-0.4939,99
200,Fri Jun 15 06:34:16 +0000 2018,0.0,0.789,0.211,BBC News (World),Kat Von D: The make-up mogul who has reignited 'anti-vax' row https://t.co/TRqOXUCY8x,0.4466,0
201,Fri Jun 15 05:43:54 +0000 2018,0.0,1.0,0.0,BBC News (World),AT&amp;T completes its takeover of Time Warner https://t.co/9PSLDtj2c6,0.0,1
202,Fri Jun 15 05:43:54 +0000 2018,0.0,1.0,0.0,BBC News (World),China's ride-hailing giant Didi to launch in Australia https://t.co/5hy4OxShGD,0.0,2
203,Fri Jun 15 04:33:37 +0000 2018,0.281,0.719,0.0,BBC News (World),South Korea and US discuss future of joint war games https://t.co/zI0ZgYZVc3,-0.5994,3
204,Fri Jun 15 03:45:59 +0000 2018,0.327,0.673,0.0,BBC News (World),Nicaragua protesters stage national strike as clashes persist https://t.co/LofpYJJpVz,-0.34,4
205,Fri Jun 15 03:27:25 +0000 2018,0.536,0.464,0.0,BBC News (World),Eurydice Dixon: Comedian's killing prompts anger in Australia https://t.co/6BpgS635Aw,-0.8442,5
206,Fri Jun 15 02:08:44 +0000 2018,0.228,0.643,0.129,BBC News (World),Yemen war: UN calls for vital port of Hudaydah to stay open https://t.co/YJ9GClyVBM,-0.4019,6
207,Fri Jun 15 00:49:06 +0000 2018,0.359,0.641,0.0,BBC News (World),Portugal's wildfire that broke a community https://t.co/jdYByeZpAn,-0.4215,7
208,Thu Jun 14 23:53:54 +0000 2018,0.229,0.593,0.178,BBC News (World),The surprise place where hijab can spell trouble https://t.co/2D8URFhfmb,-0.1531,8
209,Thu Jun 14 23:48:49 +0000 2018,0.0,1.0,0.0,BBC News (World),Africa's week in pictures: 8-14 June 2018 https://t.co/a7pxvxn2D6,0.0,9
210,Thu Jun 14 23:41:56 +0000 2018,0.0,0.827,0.173,BBC News (World),'Ignacius Sancho made me sure of who I am as a black Briton' https://t.co/9CKEgosXZ2,0.3182,10
211,Thu Jun 14 23:05:04 +0000 2018,0.0,1.0,0.0,BBC News (World),Boris Becker claims diplomatic immunity in bankruptcy case https://t.co/XTQSIUGuTO,0.0,11
212,Thu Jun 14 22:26:37 +0000 2018,0.452,0.548,0.0,BBC News (World),Banksy print stolen from Toronto exhibit by brazen thief https://t.co/BKdLUMLpPZ,-0.765,12
213,Thu Jun 14 22:23:52 +0000 2018,0.423,0.577,0.0,BBC News (World),Turkey election: Three dead in clash as pre-poll tension rises https://t.co/qQHwlab6up,-0.765,13
214,Thu Jun 14 21:54:22 +0000 2018,0.0,1.0,0.0,BBC News (World),Ex-Walmart now a shelter for child migrants https://t.co/3K9DvExssY,0.0,14
215,Thu Jun 14 21:01:51 +0000 2018,0.22,0.653,0.128,BBC News (World),"They survived the Ice Age but today saiga antelopes are struggling

https://t.co/BDaTMlFxSP https://t.co/JZQKyYn6fz",-0.3716,15
216,Thu Jun 14 18:33:03 +0000 2018,0.0,1.0,0.0,BBC News (World),RT @bbcworldservice: NASA's oldest rover on Mars has shut itself down because of a giant dust storm. But will it wake up? https://t.co/QLNG‚Ä¶,0.0,16
217,Thu Jun 14 18:18:30 +0000 2018,0.0,0.802,0.198,BBC News (World),RT @BBCNorthAmerica: Have you or a loved one been impacted by an immigration-related separation in the US? We want to listen. Reply to this‚Ä¶,0.6369,17
218,Thu Jun 14 17:51:07 +0000 2018,0.302,0.698,0.0,BBC News (World),Germany migrant row threatens Merkel coalition https://t.co/K1eovqHJkp,-0.3818,18
219,Thu Jun 14 17:34:30 +0000 2018,0.086,0.824,0.09,BBC News (World),"RT @BBCSteveR: Away from the frenzy of the World Cup, there is a quieter Russia. I filmed this sunset in north west Moscow (and play ""Mosco‚Ä¶",0.0258,19
220,Thu Jun 14 17:16:33 +0000 2018,0.0,0.777,0.223,BBC News (World),Calm before the storm at crucial Yemen port https://t.co/9Q6CkCAJm0,0.3182,20
221,Thu Jun 14 17:11:46 +0000 2018,0.0,1.0,0.0,BBC News (World),World Cup 2018: Ronaldo and Robbie Williams star in opening ceremony https://t.co/c8Aadc5Av5,0.0,21
222,Thu Jun 14 17:00:53 +0000 2018,0.0,0.85,0.15,BBC News (World),"RT @BBCSport: FT #RUS 5-0 #KSA 

The perfect start to the #WorldCup for hosts Russia.

Who predicted that scoreline?

Live reaction:
üìª @5li‚Ä¶",0.5719,22
223,Thu Jun 14 16:52:03 +0000 2018,0.0,1.0,0.0,BBC News (World),Ceuta and Melilla: Spain wants rid of anti-migrant razor wire https://t.co/CWW0yAeQzd,0.0,23
224,Thu Jun 14 16:11:04 +0000 2018,0.239,0.761,0.0,BBC News (World),Rachel Saunders: Second missing botanist's body identified https://t.co/Dml2tAjTeP,-0.296,24
225,Thu Jun 14 15:38:25 +0000 2018,0.0,0.887,0.113,BBC News (World),Wondering what happened to the daredevil raccoon caught scaling a skyscraper? üôà Of course you are!‚Ä¶ https://t.co/Ro4Zh5YBgk,0.2003,25
226,Thu Jun 14 15:30:42 +0000 2018,0.06,0.784,0.157,BBC News (World),"üé¶, Ô∏è‚öΩÔ∏è, üöò... Saudi women are celebrating new rights, but there are still a number of things they can't legally do w‚Ä¶ https://t.co/GOQw6t3W9U",0.3304,26
227,Thu Jun 14 15:25:37 +0000 2018,0.35,0.65,0.0,BBC News (World),Kashmir journalist Shujaat Bukhari shot dead in Srinigar https://t.co/pC9F2O72qn,-0.6486,27
228,Thu Jun 14 15:18:36 +0000 2018,0.0,1.0,0.0,BBC News (World),Mix-ups and fanfare: What no-one else saw at the Trump-Kim summit https://t.co/EHCwmxMdiA,0.0,28
229,Thu Jun 14 15:18:36 +0000 2018,0.157,0.66,0.183,BBC News (World),Comey 'broke norms but not biased' - agency watchdog report https://t.co/zvHxkXlPhh,0.0826,29
230,Thu Jun 14 15:17:09 +0000 2018,0.0,1.0,0.0,BBC News (World),"RT @BBCSport: GOAL! #RUS 1-0 #KSA 

The opening goal of the #WorldCup goes to the hosts &amp; Yury Gazinsky!

LIVE:
üìª @5liveSport 
üì± https://t.‚Ä¶",0.0,30
231,Thu Jun 14 15:16:38 +0000 2018,0.0,1.0,0.0,BBC News (World),"RT @BBCNews: Remembering the 72 

#GreenforGrenfell üíö

https://t.co/gpmUdZw3xB https://t.co/Y7IaWjX9MC",0.0,31
232,Thu Jun 14 15:15:17 +0000 2018,0.331,0.669,0.0,BBC News (World),"RT @BBCBreaking: Scathing New York State lawsuit accuses Trump Foundation of ""persistent illegal conduct"" and wants it dissolved https://t.‚Ä¶",-0.7845,32
233,Thu Jun 14 15:03:58 +0000 2018,0.0,1.0,0.0,BBC News (World),New York sues to dissolve Trump Foundation https://t.co/TdgSBa5g2V,0.0,33
234,Thu Jun 14 15:01:42 +0000 2018,0.192,0.808,0.0,BBC News (World),American Will Nguyen held in Vietnam after protests https://t.co/H8sKjFbXcK,-0.2263,34
235,Thu Jun 14 14:59:55 +0000 2018,0.0,1.0,0.0,BBC News (World),RT @BBCNorthAmerica: The University of Chicago is dropping ACT/SAT requirements for incoming students. Applicants will now have the option‚Ä¶,0.0,35
236,Thu Jun 14 13:25:54 +0000 2018,0.0,1.0,0.0,BBC News (World),Backlash after a Russian MP tells women not to have sex with foreign men during the #WorldCup https://t.co/pSxSpBD7hf,0.0,36
237,Thu Jun 14 13:19:20 +0000 2018,0.057,0.943,0.0,BBC News (World),"RT @BBC100women: ""You cannot grow football if you leave half of the world's population behind.""

As #WorldCupRussia2018 kicks off, FIFA's f‚Ä¶",-0.0516,37
238,Thu Jun 14 13:09:45 +0000 2018,0.462,0.538,0.0,BBC News (World),Sri Lanka hardline monk Gnanasara jailed for intimidation https://t.co/IozXKgFbTp,-0.7184,38
239,Thu Jun 14 13:09:45 +0000 2018,0.0,0.8,0.2,BBC News (World),Argentina steps closer to legal abortions https://t.co/tdkakd36HQ,0.128,39
240,Thu Jun 14 12:13:50 +0000 2018,0.0,0.5,0.5,BBC News (World),Ugandan wins Africa prize for bloodless malaria test https://t.co/RyRl39VlMB,0.7906,40
241,Thu Jun 14 12:04:11 +0000 2018,0.0,0.808,0.192,BBC News (World),Macrons' new dinner plates spark French cash row https://t.co/dJtEy4OfVz,0.2263,41
242,Thu Jun 14 12:01:50 +0000 2018,0.18,0.82,0.0,BBC News (World),Russian MP: Avoid sex with foreign men during World Cup https://t.co/2X9TbKI470,-0.296,42
243,Thu Jun 14 11:15:55 +0000 2018,0.0,1.0,0.0,BBC News (World),Hungary to rule over suffocation of 71 migrants https://t.co/95NjZGC7m0,0.0,43
244,Thu Jun 14 11:15:53 +0000 2018,0.304,0.696,0.0,BBC News (World),India Delhi residents choke as dust blankets capital https://t.co/Z8ipggMxT8,-0.5423,44
245,Thu Jun 14 10:53:49 +0000 2018,0.0,1.0,0.0,BBC News (World),"RT @mrdanwalker: World Cup tickets sales by country... 
Russian fans 871,797üá∑üá∫ 
USA 88,825üá∫üá∏ 
Brazil 72,512üáßüá∑ 
Colombia 65,234üá®üá¥ 
Germany 6‚Ä¶",0.0,45
246,Thu Jun 14 10:38:18 +0000 2018,0.0,1.0,0.0,BBC News (World),"""The beginning of an arduous process...""

So, what happens next between the US and North Korea? #Trumpkimsummit‚Ä¶ https://t.co/Ndv7IC5Nkw",0.0,46
247,Thu Jun 14 08:54:55 +0000 2018,0.0,0.891,0.109,BBC News (World),"RT @BBCSteveR: On the day World Cup 2018 kicks off, Russian papers suggest the Kremlin sees the tournament as ""soft power"" for improving it‚Ä¶",0.4215,47
248,Thu Jun 14 08:26:55 +0000 2018,0.28,0.533,0.187,BBC News (World),Stan Lee: Marvel Comics magnate 'subject to elder abuse' https://t.co/OqyI3hxntq,-0.34,48
249,Thu Jun 14 08:13:18 +0000 2018,0.0,0.769,0.231,BBC News (World),Daredevil raccoon takes on skyscraper https://t.co/7TpCwCfFQl,0.128,49
250,Thu Jun 14 08:13:18 +0000 2018,0.0,1.0,0.0,BBC News (World),Sarah Sanders rumoured to be leaving White House press role https://t.co/byZPmQE0jp,0.0,50
251,Thu Jun 14 04:51:31 +0000 2018,0.441,0.559,0.0,BBC News (World),Chile police raid Catholic Church offices amid sex abuse scandal https://t.co/RHjUa6TmMz,-0.7964,51
252,Thu Jun 14 04:09:28 +0000 2018,0.0,0.789,0.211,BBC News (World),Apple to close iPhone security hole used by police https://t.co/1QzZLWM5FT,0.34,52
253,Thu Jun 14 03:24:52 +0000 2018,0.0,1.0,0.0,BBC News (World),"RT @BBCBreaking: ""We believe Kim Jong-un understands the urgency [of denuclearisation], that we must do this quickly."" - US Secretary of St‚Ä¶",0.0,53
254,Thu Jun 14 03:23:25 +0000 2018,0.0,1.0,0.0,BBC News (World),"North Korea sanctions remain until complete denuclearisation, says US https://t.co/2nGU26gsXO",0.0,54
255,Thu Jun 14 03:07:07 +0000 2018,0.326,0.674,0.0,BBC News (World),Australian soldiers condemned over Nazi flag https://t.co/a7DMHKhnUL,-0.4404,55
256,Thu Jun 14 03:02:24 +0000 2018,0.0,1.0,0.0,BBC News (World),World Cup Russia: Achilles the 'psychic' cat calls opener https://t.co/xiNJXTen0H,0.0,56
257,Thu Jun 14 02:56:59 +0000 2018,0.099,0.762,0.139,BBC News (World),"RT @BBCBreaking: ""No sanctions relief"" for North Korea until complete denuclearisation, US Secretary of State Mike Pompeo says https://t.co‚Ä¶",0.2263,57
258,Thu Jun 14 02:52:33 +0000 2018,0.0,0.905,0.095,BBC News (World),RT @SallyBundockBBC: #WorldCup kicks off today in Moscow @LucyHockingsBBC is there for us. She will join me for #BBCTheBriefing at 05:00 BS‚Ä¶,0.296,58
259,Thu Jun 14 02:48:20 +0000 2018,0.362,0.432,0.205,BBC News (World),The beauty queen who got death threats because of a selfie https://t.co/0hfPuGjx2w,-0.4404,59
260,Thu Jun 14 00:57:43 +0000 2018,0.0,1.0,0.0,BBC News (World),Why landlocked Ethiopia wants to launch a navy https://t.co/9Yl2SrAKZO,0.0,60
261,Thu Jun 14 00:45:55 +0000 2018,0.327,0.673,0.0,BBC News (World),Rebel Wilson: Court slashes actress's record defamation payout https://t.co/xKvo0iM7Bc,-0.34,61
262,Thu Jun 14 00:41:06 +0000 2018,0.0,0.545,0.455,BBC News (World),World Cup 2018: Russia promises 'unprecedented' security https://t.co/FX85C00hY0,0.6124,62
263,Thu Jun 14 00:31:46 +0000 2018,0.0,1.0,0.0,BBC News (World),Trump Kim summit: A changing life for a North Korean family https://t.co/EhUOJSPS58,0.0,63
264,Thu Jun 14 00:13:23 +0000 2018,0.0,1.0,0.0,BBC News (World),London Breed becomes San Francisco's first black mayor https://t.co/tKM3QsN7OE,0.0,64
265,Wed Jun 13 23:51:30 +0000 2018,0.537,0.339,0.124,BBC News (World),Yemen war: Fighting rages over vital port of Hudaydah https://t.co/BlswNn5syb,-0.8074,65
266,Wed Jun 13 23:25:33 +0000 2018,0.439,0.561,0.0,BBC News (World),Grenfell Tower: Global roots of fire victims https://t.co/BndN8LhQAX,-0.5719,66
267,Wed Jun 13 23:18:26 +0000 2018,0.0,1.0,0.0,BBC News (World),Antarctic ice sheets: Four things you need to know https://t.co/IdXQC2sU6P,0.0,67
268,Wed Jun 13 23:18:26 +0000 2018,0.231,0.769,0.0,BBC News (World),Saiga antelopes: the Ice Age survivors now in peril https://t.co/RTvMMPmQaU,-0.4019,68
269,Wed Jun 13 23:18:26 +0000 2018,0.0,1.0,0.0,BBC News (World),"World Cup 2026: US, Canada and Mexico fans react https://t.co/jKkFvJg6AP",0.0,69
270,Wed Jun 13 22:52:54 +0000 2018,0.266,0.734,0.0,BBC News (World),Haiti bans Oxfam GB after sexual misconduct scandal https://t.co/lgdC4ZJg8s,-0.4404,70
271,Wed Jun 13 21:38:35 +0000 2018,0.0,1.0,0.0,BBC News (World),World Cup 2026: Can the North American hosts get along? https://t.co/btdgp9qVOZ,0.0,71
272,Wed Jun 13 21:10:03 +0000 2018,0.453,0.547,0.0,BBC News (World),US jogger who dumped homeless man's belongings arrested https://t.co/Bh6qm6kiOg,-0.7003,72
273,Wed Jun 13 20:41:58 +0000 2018,0.0,1.0,0.0,BBC News (World),Macedonia and Greece: Backlash over name deal https://t.co/drZncdCGpt,0.0,73
274,Wed Jun 13 19:14:01 +0000 2018,0.0,1.0,0.0,BBC News (World),Woman sues Nasa over ownership of moon dust vial https://t.co/HTWqmoBVpn,0.0,74
275,Wed Jun 13 19:11:55 +0000 2018,0.205,0.795,0.0,BBC News (World),French MPs back Macron's controversial rail reforms https://t.co/MBCuzwnNph,-0.2023,75
276,Wed Jun 13 17:58:43 +0000 2018,0.406,0.594,0.0,BBC News (World),Einstein's travel diaries reveal physicist's racism https://t.co/xr8e2zWqtY,-0.6249,76
277,Wed Jun 13 17:41:43 +0000 2018,0.412,0.588,0.0,BBC News (World),Syria war: OPCW says Sarin was used in March 2017 attack https://t.co/tDc2ql4tDG,-0.7906,77
278,Wed Jun 13 17:18:14 +0000 2018,0.244,0.756,0.0,BBC News (World),Diesel emissions scandal: VW fined ‚Ç¨1bn by German prosecutors https://t.co/9agsGk4YGf,-0.4404,78
279,Wed Jun 13 17:13:31 +0000 2018,0.338,0.662,0.0,BBC News (World),Chef Atul Kocchar sacked for Priyanka Chopra terrorism tweet https://t.co/Eu28iICLo7,-0.6808,79
280,Wed Jun 13 17:09:00 +0000 2018,0.0,0.776,0.224,BBC News (World),University of New Hampshire to accept Chinese exam results https://t.co/ZTu2W9NyvF,0.3818,80
281,Wed Jun 13 16:17:23 +0000 2018,0.0,1.0,0.0,BBC News (World),Why North Koreans were last to learn of Trump-Kim summit https://t.co/PiSdgBZC0B,0.0,81
282,Wed Jun 13 15:50:38 +0000 2018,0.0,0.913,0.087,BBC News (World),"RT @BBCSport: This time tomorrow, the opening match of the #WorldCup will be well under way üòç

Here's the preview for Russia v Saudi Arabia‚Ä¶",0.2732,82
283,Wed Jun 13 15:45:28 +0000 2018,0.0,1.0,0.0,BBC News (World),Russian teacher sacked over Instagram swimsuit photos https://t.co/dQDvrgyGEr,0.0,83
284,Wed Jun 13 15:30:36 +0000 2018,0.0,1.0,0.0,BBC News (World),California voters to weigh splitting into three states https://t.co/lO64vokuGW,0.0,84
285,Wed Jun 13 14:55:27 +0000 2018,0.0,0.85,0.15,BBC News (World),Trump Kim summit: US president lauds deal despite scepticism https://t.co/kPDGYRX5ry,0.1511,85
286,Wed Jun 13 14:42:51 +0000 2018,0.268,0.619,0.113,BBC News (World),Why battle for crucial Yemen port matters https://t.co/r426VHDrt1,-0.3612,86
287,Wed Jun 13 14:19:23 +0000 2018,0.0,1.0,0.0,BBC News (World),Argentina lawmakers gather for key abortion vote https://t.co/hokxkZSqwY,0.0,87
288,Wed Jun 13 13:37:54 +0000 2018,0.0,1.0,0.0,BBC News (World),"Excusez-moi?!

Reporters were told they had to speak French at a press conference with Antoine Griezmann - but this‚Ä¶ https://t.co/nOzzj6DsTj",0.0,88
289,Wed Jun 13 13:09:41 +0000 2018,0.0,1.0,0.0,BBC News (World),Coming of age: Why adults in Japan are getting younger https://t.co/TpqCGMUdYx,0.0,89
290,Wed Jun 13 12:26:58 +0000 2018,0.0,1.0,0.0,BBC News (World),"RT @BBC_HaveYourSay: This teacher was sacked after photos of her in a swimsuit turned up on Instagram
https://t.co/R73NMixkmx",0.0,90
291,Wed Jun 13 12:25:44 +0000 2018,0.141,0.859,0.0,BBC News (World),"Saudi women will soon be able to drive when a ban is lifted.

But what about the other things they're still not abl‚Ä¶ https://t.co/ZYXZ27hCgg",-0.5574,91
292,Wed Jun 13 12:17:30 +0000 2018,0.0,1.0,0.0,BBC News (World),Migrant vessel docks in Sicily amid international row https://t.co/BvuhaydR9g,0.0,92
293,Wed Jun 13 12:06:05 +0000 2018,0.0,1.0,0.0,BBC News (World),Spanish king's brother-in-law given five days to report to jail https://t.co/WOidqbgmtI,0.0,93
294,Wed Jun 13 11:49:48 +0000 2018,0.0,1.0,0.0,BBC News (World),E3: Fortnite fans flock to first live stadium tournament https://t.co/moNvw1VfjS,0.0,94
295,Wed Jun 13 11:49:46 +0000 2018,0.0,1.0,0.0,BBC News (World),Trump Kim summit: What happens next? https://t.co/uSt6zTtvWS,0.0,95
296,Wed Jun 13 11:24:17 +0000 2018,0.0,1.0,0.0,BBC News (World),Antoine Griezmann: Reporter defies French-only rule with phone https://t.co/4U8PBnznbv,0.0,96
297,Wed Jun 13 11:03:32 +0000 2018,0.0,1.0,0.0,BBC News (World),India chess player quits Iran tournament over headscarf rule https://t.co/X4SgOm8ec4,0.0,97
298,Wed Jun 13 10:58:41 +0000 2018,0.0,0.791,0.209,BBC News (World),"World Cup 2026: Canada, US &amp; Mexico joint bid wins right to host tournament https://t.co/M3q6CZorFS",0.5719,98
299,Wed Jun 13 10:57:45 +0000 2018,0.12,0.88,0.0,BBC News (World),"The moment it was announced by FIFA that the US, Mexico and Canada will jointly host the 2026 World Cup, beating Mo‚Ä¶ https://t.co/WzMMm8khT5",-0.4588,99
300,Fri Jun 15 06:48:03 +0000 2018,0.155,0.845,0.0,CBS News,"Kids in U.S. ""hotspots"" most vulnerable to vaccine-preventable disease, research finds https://t.co/LD0hf9cUDk https://t.co/WesyT8nZT7",-0.2944,0
301,Fri Jun 15 06:33:02 +0000 2018,0.259,0.741,0.0,CBS News,L.A. prosecutors review sex crime case against Sylvester Stallone https://t.co/LGm1sheFnD https://t.co/1YjFQjfpOa,-0.5423,1
302,Fri Jun 15 06:18:03 +0000 2018,0.0,1.0,0.0,CBS News,Police say men attempted to impale officer with tow truck https://t.co/YryVJPESad https://t.co/r0BXhf3JGx,0.0,2
303,Fri Jun 15 06:03:03 +0000 2018,0.31,0.69,0.0,CBS News,Michigan State University president disparaged Larry Nassar victim in email https://t.co/uescQnK2Vs https://t.co/KSPxpBWYym,-0.5423,3
304,Fri Jun 15 05:48:03 +0000 2018,0.367,0.633,0.0,CBS News,Elite Coast Guard team training for potential chemical weapons attacks https://t.co/9OKcpReHWH https://t.co/DC7beZ2VwO,-0.7003,4
305,Fri Jun 15 05:33:04 +0000 2018,0.153,0.847,0.0,CBS News,Bodycam video shows controversial Florida Waffle House police encounter https://t.co/PVRa0Z5tQ9 https://t.co/OXZYn3BYK2,-0.2023,5
306,Fri Jun 15 05:18:03 +0000 2018,0.0,0.85,0.15,CBS News,Man rescues baby deer on the verge of drowning in swimming pool https://t.co/HIxI9OEhEi https://t.co/8jic30KQzp,0.3182,6
307,Fri Jun 15 05:03:04 +0000 2018,0.143,0.857,0.0,CBS News,"GOP lawmaker David Stringer criticized for saying ""there aren't enough white kids to go around""‚Ä¶ https://t.co/gFxTAkGppa",-0.3612,7
308,Fri Jun 15 04:48:02 +0000 2018,0.338,0.662,0.0,CBS News,Some Canadians boycott American goods and travel after Trump's insults https://t.co/IVKIWQ5wTQ https://t.co/5nHmqVzz6m,-0.6249,8
309,Fri Jun 15 04:33:03 +0000 2018,0.0,1.0,0.0,CBS News,Yosemite grove of giant sequoia trees reopens to public after $40M restoration https://t.co/TET1mAfbOt https://t.co/VeXLrdhG6W,0.0,9
310,Fri Jun 15 04:18:03 +0000 2018,0.498,0.502,0.0,CBS News,"Police: Teen found shot dead in abandoned house died during ""Russian roulette"" https://t.co/zxNHBrYJLG https://t.co/AFA5YAyvk9",-0.8979,10
311,Fri Jun 15 04:03:04 +0000 2018,0.0,1.0,0.0,CBS News,"Pennsylvania hit by two tornadoes, officials confirm https://t.co/P9o77MJkp5 https://t.co/XtFxYBcAzf",0.0,11
312,Fri Jun 15 03:48:04 +0000 2018,0.0,1.0,0.0,CBS News,"Sarah Sanders, Raj Shah planning to depart the White House https://t.co/3Ie1iSeWfg https://t.co/8iWz9ePLa4",0.0,12
313,Fri Jun 15 03:33:03 +0000 2018,0.0,0.769,0.231,CBS News,"Russia's women urged to fall in love, procreate with visiting World Cup fans https://t.co/IPmevXBRLJ https://t.co/EX35ira5e6",0.6369,13
314,Fri Jun 15 03:18:04 +0000 2018,0.0,1.0,0.0,CBS News,"2 adults, 2 children shot at Colorado dentist office, police say https://t.co/RLdGygoNbA https://t.co/AnbwpYl4ME",0.0,14
315,Fri Jun 15 03:03:03 +0000 2018,0.0,0.897,0.103,CBS News,Exclusive: Michael Cohen believes Trump and his allies are turning on him https://t.co/w2FCWNsXJI https://t.co/PdrqJyPGsT,0.128,15
316,Fri Jun 15 02:36:51 +0000 2018,0.297,0.703,0.0,CBS News,Fitbit employees charged with stealing trade secrets from competitor Jawbone after leaving the company‚Ä¶ https://t.co/xQqLANed0C,-0.6705,16
317,Fri Jun 15 02:14:31 +0000 2018,0.0,0.878,0.122,CBS News,"Facebook's top communications executive, Elliott Schrage, announces departure Thursday, after string of controversi‚Ä¶ https://t.co/9q2dsgQBYx",0.2023,17
318,Fri Jun 15 01:54:55 +0000 2018,0.0,1.0,0.0,CBS News,World Cup 2018: The Empire State Building lit up the New York City skyline on Wednesday night with the colors of ev‚Ä¶ https://t.co/1Frt1Q6FUx,0.0,18
319,Fri Jun 15 01:34:46 +0000 2018,0.0,0.859,0.141,CBS News,"It's official: AT&amp;T completes acquisition of Time Warner, just two days after a federal judge approved the merger‚Ä¶ https://t.co/Yw3BLxu5FJ",0.4215,19
320,Fri Jun 15 01:14:32 +0000 2018,0.089,0.911,0.0,CBS News,"Over 1,000 people are fighting the Colorado wildfires, but the gusty winds and dry conditions make extinguishing th‚Ä¶ https://t.co/Z7DxxMSIMo",-0.1901,20
321,Fri Jun 15 00:55:02 +0000 2018,0.141,0.859,0.0,CBS News,"Studies find President Trump's tariffs, not immigration, may lead to lost U.S. jobs https://t.co/CWOLFAmYPA https://t.co/dqFsYdTTLr",-0.3182,21
322,Fri Jun 15 00:35:05 +0000 2018,0.098,0.805,0.097,CBS News,"Deployed overseas, this little boy's dad had missed his last three birthdays. So when he surprised him at a Milwauk‚Ä¶ https://t.co/LepGnpEpWn",-0.0094,22
323,Fri Jun 15 00:14:47 +0000 2018,0.0,1.0,0.0,CBS News,"Evening News: A look Inside the former Walmart holding 1,500 immigrant children in Texas, the largest shelter of it‚Ä¶ https://t.co/zweM9alCD9",0.0,23
324,Thu Jun 14 23:54:38 +0000 2018,0.167,0.833,0.0,CBS News,"""Jurassic World"" cast and crew comment on the ""unfortunate"" timing of film's release amid volcanic disasters. The m‚Ä¶ https://t.co/sBZDUlzu5y",-0.5574,24
325,Thu Jun 14 23:34:46 +0000 2018,0.099,0.901,0.0,CBS News,Florida man accused of shooting his pregnant wife in the head and attempting to dismember the body. Her remains wer‚Ä¶ https://t.co/IDzGKAW24O,-0.296,25
326,Thu Jun 14 23:14:43 +0000 2018,0.127,0.873,0.0,CBS News,H&amp;R Block stock plunges for the second day in a row following announcement that the company will close 400 stores i‚Ä¶ https://t.co/M4bzVXCS9Y,-0.4404,26
327,Thu Jun 14 22:54:34 +0000 2018,0.059,0.84,0.101,CBS News,Press Secretary Sarah Sanders doesn't deny CBS report she plans to leave White House during Thursday's press briefi‚Ä¶ https://t.co/EywbAAS2Ko,0.211,27
328,Thu Jun 14 22:34:34 +0000 2018,0.0,1.0,0.0,CBS News,"""Don't do it alone"": Michelle Obama tells first-generation college-bound students they are ""going to be fine,"" beca‚Ä¶ https://t.co/OcRFOyPQT3",0.0,28
329,Thu Jun 14 22:19:01 +0000 2018,0.0,1.0,0.0,CBS News,"Reporter: ""When you read this report, if you could sum up your reaction from having read it in one word, what is th‚Ä¶ https://t.co/tCdbEAIIGF",0.0,29
330,Thu Jun 14 22:09:51 +0000 2018,0.155,0.727,0.118,CBS News,"""We're going to make painfully clear to everybody that we won't tolerate noncompliance"": FBI Director Wray addresse‚Ä¶ https://t.co/nNIHd83T20",-0.2023,30
331,Thu Jun 14 22:07:27 +0000 2018,0.0,0.706,0.294,CBS News,"""I'm a huge believer in the importance of process, of doing this job by the book in every respect and I expect all‚Ä¶ https://t.co/z092U6w9CY",0.7845,31
332,Thu Jun 14 21:59:27 +0000 2018,0.0,0.885,0.115,CBS News,"""Nothing in this report impugns the integrity of our workforce as a whole or the FBI as an institution"": FBI Direct‚Ä¶ https://t.co/SXaRrBA6z7",0.3818,32
333,Thu Jun 14 21:56:30 +0000 2018,0.0,1.0,0.0,CBS News,"FBI Director Wray notes a departmental effort to review ""how the FBI handles sensitive investigations,"" including h‚Ä¶ https://t.co/0Mm9wzffdq",0.0,33
334,Thu Jun 14 21:51:11 +0000 2018,0.088,0.797,0.115,CBS News,"""I take this report very seriously and we accept its findings and recommendations"": FBI Director Wray responds to t‚Ä¶ https://t.co/k9c7mkTHFz",0.1548,34
335,Thu Jun 14 21:39:52 +0000 2018,0.0,0.848,0.152,CBS News,A Justice Department report looking at the FBI and DOJ handling of the Clinton email investigation is expected to b‚Ä¶ https://t.co/DjPDCt9pIJ,0.5267,35
336,Thu Jun 14 21:36:50 +0000 2018,0.0,1.0,0.0,CBS News,"""An investigation into the investigation of the investigation"": Congressman Jerry Nadler calls Republican responses‚Ä¶ https://t.co/BPMCsNZ7Pf",0.0,36
337,Thu Jun 14 21:33:19 +0000 2018,0.109,0.891,0.0,CBS News,"""We were right to be worried about the double standard"": Congressman Jerry Nadler reacts to the Inspector General's‚Ä¶ https://t.co/6hdIyWxRxU",-0.296,37
338,Thu Jun 14 21:22:41 +0000 2018,0.091,0.909,0.0,CBS News,"""The report does not answer how he got those leaks and Democrats are demanding answers"": Minority Leader Pelosi add‚Ä¶ https://t.co/eas3IgDkB6",-0.2263,38
339,Thu Jun 14 21:15:21 +0000 2018,0.055,0.878,0.067,CBS News,"""Law enforcement must not only avoid actual bias, but also the appearance of bias"": Sen. Feinstein read from the In‚Ä¶ https://t.co/p3EnNiPOYu",0.0629,39
340,Thu Jun 14 21:02:16 +0000 2018,0.167,0.833,0.0,CBS News,"""James Comey violated DOJ policies on three occasions,"" Sen. Feinstein said in response to the Inspector General's‚Ä¶ https://t.co/HUXYOVePnE",-0.5267,40
341,Thu Jun 14 21:01:26 +0000 2018,0.147,0.755,0.097,CBS News,A group of women in Flint is stepping up to help residents in the midst of the Michigan city's water crisis -- dona‚Ä¶ https://t.co/RGsELJ9Wcc,-0.34,41
342,Thu Jun 14 20:58:51 +0000 2018,0.0,0.876,0.124,CBS News,"""Nothing in this report lays a glove on special counsel Mueller or the ongoing Russia probe,"" Sen. Schumer said wit‚Ä¶ https://t.co/YzOUqOXowg",0.4019,42
343,Thu Jun 14 20:48:13 +0000 2018,0.0,0.857,0.143,CBS News,"""Director Comey's mishandling of the publicity around the Clinton e-mail campaign all accrued to the benefit of the‚Ä¶ https://t.co/G8aoVFOaUq",0.4588,43
344,Thu Jun 14 20:44:47 +0000 2018,0.088,0.8,0.112,CBS News,"""Anyone who is hoping to use this report to undermine the Mueller probe or prove the existence of a deep state cons‚Ä¶ https://t.co/UyJSYo6uvr",0.1531,44
345,Thu Jun 14 20:44:35 +0000 2018,0.162,0.838,0.0,CBS News,"President Trump has suspended training exercises in South Korea while negotiating denuclearization to the North, cl‚Ä¶ https://t.co/NJoH96z1NK",-0.4767,45
346,Thu Jun 14 20:30:13 +0000 2018,0.0,1.0,0.0,CBS News,"Working with methods a little more elaborate than a plastic bucket and shovel, this New Hampshire town puts on a to‚Ä¶ https://t.co/9dpLHnAXBr",0.0,46
347,Thu Jun 14 20:14:54 +0000 2018,0.0,0.872,0.128,CBS News,President Trump approved the release of $6.6 million in funds for Syria stabilization programs. The fate of an addi‚Ä¶ https://t.co/wVqbCKrcMR,0.4215,47
348,Thu Jun 14 19:59:40 +0000 2018,0.0,1.0,0.0,CBS News,"Today is President Trump's 72nd birthday. From Apprentice to President, here are 32 photos of Mr. Trump through the‚Ä¶ https://t.co/ZgfSh6VRgx",0.0,48
349,Thu Jun 14 19:43:18 +0000 2018,0.0,0.745,0.255,CBS News,.@PressSec: I show up here every day. I love my job. I'm glad to work for the president. And each and every day I'l‚Ä¶ https://t.co/QSTkhcQ4pY,0.802,49
350,Thu Jun 14 19:41:39 +0000 2018,0.0,1.0,0.0,CBS News,".@PressSec: I think CBS got a little ahead of their skis, particularly since they put out a story about my thinking‚Ä¶ https://t.co/Z1PRJlpQkC",0.0,50
351,Thu Jun 14 19:32:57 +0000 2018,0.065,0.935,0.0,CBS News,Reporter: Did the president or anyone else use funds from the Trump Foundation to pay for personal business or camp‚Ä¶ https://t.co/7lTrDiXNX4,-0.1027,51
352,Thu Jun 14 19:31:26 +0000 2018,0.0,1.0,0.0,CBS News,"‚ÄúDon‚Äôt you have any empathy? Come on, Sarah, you‚Äôre a parent. Don't you have any empathy for what these people are‚Ä¶ https://t.co/s0lS49VstX",0.0,52
353,Thu Jun 14 19:27:12 +0000 2018,0.0,0.811,0.189,CBS News,.@PressSec: I am not today or tomorrow or at any point going to comment on Rudy Giuliani‚Äôs love life.‚Ä¶ https://t.co/qpksyC8yVB,0.6369,53
354,Thu Jun 14 19:26:17 +0000 2018,0.0,0.819,0.181,CBS News,Reporter: Rudy Giuliani spent 20 minutes talking with one of our reporters about his love life...Has this become to‚Ä¶ https://t.co/MS0jGFaRdr,0.6369,54
355,Thu Jun 14 19:22:17 +0000 2018,0.122,0.878,0.0,CBS News,"""The president was briefed on the IG report earlier today. 
And it reaffirmed the president's suspicions about Come‚Ä¶ https://t.co/LM5lNYyp91",-0.3612,55
356,Thu Jun 14 19:20:25 +0000 2018,0.0,1.0,0.0,CBS News,WATCH: White House holds press briefing after long-awaited DOJ Inspector General report is released‚Ä¶ https://t.co/RxUvn7MNQV,0.0,56
357,Thu Jun 14 19:20:12 +0000 2018,0.0,0.906,0.094,CBS News,"Excited for the World Cup to start? So is the Empire State Building. Last night, it lit up with the colors of every‚Ä¶ https://t.co/tMtGknSNRY",0.34,57
358,Thu Jun 14 19:00:22 +0000 2018,0.162,0.838,0.0,CBS News,"Speaker Paul Ryan says he's not comfortable with separating families at U.S. border
https://t.co/rdzwEnTdr2 https://t.co/rkTrVDrQDo",-0.4023,58
359,Thu Jun 14 18:40:36 +0000 2018,0.0,0.84,0.16,CBS News,"WATCH: Little girl hears her mom‚Äôs voice for the first time and the first thing she says is, ‚ÄúI love you.‚Äù ‚ù§Ô∏è‚Ä¶ https://t.co/a0OepXgPKS",0.6369,59
360,Thu Jun 14 18:19:54 +0000 2018,0.0,1.0,0.0,CBS News,"Einstein was an advocate of civil rights in the U.S., but his travel diaries from his time in Asia and the Middle E‚Ä¶ https://t.co/2XFX2pP68K",0.0,60
361,Thu Jun 14 18:17:58 +0000 2018,0.0,1.0,0.0,CBS News,"""Based on early reviews of this -- this investigation, while thorough, appears to fall short of proving the preside‚Ä¶ https://t.co/9HYCGFS2Sp",0.0,61
362,Thu Jun 14 18:16:36 +0000 2018,0.0,0.841,0.159,CBS News,The long-awaited DOJ Inspector General report on the handling of the Clinton email investigation by the Justice Dep‚Ä¶ https://t.co/9oLib8xvib,0.5267,62
363,Thu Jun 14 17:59:35 +0000 2018,0.146,0.854,0.0,CBS News,"Target's attempt at a ""playful"" Father's Day card depicting a black couple prompted criticism on social media and w‚Ä¶ https://t.co/7EkLGAyuui",-0.4404,63
364,Thu Jun 14 17:43:49 +0000 2018,0.0,0.887,0.113,CBS News,VIDEO TO FAWN OVER: Man rescues baby deer on the verge of drowning in his swimming pool https://t.co/UvLPTLGfcd https://t.co/fGgEuLAb4z,0.3182,64
365,Thu Jun 14 17:39:51 +0000 2018,0.0,1.0,0.0,CBS News,"""We needed to correct the record"": a study on the Mediterranean diet was retracted after an obscure report drew foc‚Ä¶ https://t.co/fQ29IfvCpL",0.0,65
366,Thu Jun 14 17:19:46 +0000 2018,0.0,0.841,0.159,CBS News,The long-awaited DOJ Inspector General report on the handling of the Clinton email investigation by the Justice Dep‚Ä¶ https://t.co/tUcLqJAjf6,0.5267,66
367,Thu Jun 14 17:00:02 +0000 2018,0.108,0.736,0.156,CBS News,Supreme Court strikes down Minnesota's voter clothing law that barred voters in the state from wearing a wide range‚Ä¶ https://t.co/UiK1A8FCHS,0.2732,67
368,Thu Jun 14 16:39:54 +0000 2018,0.0,1.0,0.0,CBS News,A New York Attorney General aiming for the dissolution and penalization of the Trump Foundation said Thursday the c‚Ä¶ https://t.co/bzL2ooMWjD,0.0,68
369,Thu Jun 14 16:29:37 +0000 2018,0.253,0.747,0.0,CBS News,"Man accused of making biological weapon ricin in Germany, preparing ""serious"" act of violence‚Ä¶ https://t.co/GNvFsI753T",-0.5267,69
370,Thu Jun 14 16:16:02 +0000 2018,0.0,1.0,0.0,CBS News,After one Texas man saw the news that more than 50 undocumented immigrants found in the back of a semi-truck were l‚Ä¶ https://t.co/cNG9axNsIv,0.0,70
371,Thu Jun 14 15:59:46 +0000 2018,0.0,1.0,0.0,CBS News,"San Francisco elects first African-American woman mayor, London Breed https://t.co/XKVfc9bEQD https://t.co/EonA92USPq",0.0,71
372,Thu Jun 14 15:52:06 +0000 2018,0.194,0.806,0.0,CBS News,Three fire trucks and two ambulances have arrived on the White House grounds.  D.C. Fire and EMS say there was a me‚Ä¶ https://t.co/grexlYjLcP,-0.5859,72
373,Thu Jun 14 15:44:54 +0000 2018,0.112,0.888,0.0,CBS News,"A man dubbed ""Jogger Joe"" was seen on video throwing a homeless man's belongings away; now an arrest has been made‚Ä¶ https://t.co/Q90XY6YKzJ",-0.34,73
374,Thu Jun 14 15:29:50 +0000 2018,0.0,0.845,0.155,CBS News,"What Fox would bring to Disney or Comcast?

Comcast's $65 billion cash bid Wednesday tops Disney's all-stock offer,‚Ä¶ https://t.co/Qdbjp1AY6m",0.5106,74
375,Thu Jun 14 15:19:58 +0000 2018,0.106,0.894,0.0,CBS News,"NEW: New York Attorney General announces lawsuit against Trump Foundation, alleging ""a pattern of persistent illega‚Ä¶ https://t.co/iZf4325Sm4",-0.2263,75
376,Thu Jun 14 15:14:38 +0000 2018,0.0,0.846,0.154,CBS News,Meghan Markle and The Queen were all smiles on their first joint trip together without Prince Harry‚Ä¶ https://t.co/pbwvr3bIlX,0.4767,76
377,Thu Jun 14 14:59:36 +0000 2018,0.167,0.833,0.0,CBS News,"Florida woman goes on a racist tirade in a nail salon, yelling expletives at nail techs and telling them to learn e‚Ä¶ https://t.co/atcD0VKmBR",-0.6124,77
378,Thu Jun 14 14:44:39 +0000 2018,0.241,0.759,0.0,CBS News,China to President Trump: No trade deals if tariffs are imposed https://t.co/lMuEDg7Ilt https://t.co/u1XugUVUde,-0.3612,78
379,Thu Jun 14 14:39:23 +0000 2018,0.14,0.86,0.0,CBS News,"U.N. General Assembly voted on an Arab-backed resolution to condemn Israel for force against Palestinian civilians,‚Ä¶ https://t.co/6lyN4BNzCA",-0.3818,79
380,Thu Jun 14 14:29:51 +0000 2018,0.0,1.0,0.0,CBS News,"One year after near-fatal shooting, Rep. Steve Scalise returns to the baseball field not quite the same‚Ä¶ https://t.co/zQVdkVF5S7",0.0,80
381,Thu Jun 14 14:15:02 +0000 2018,0.0,1.0,0.0,CBS News,Bravo reality star's surrogate sues the network for filming birth https://t.co/cD9BfUnCh0 https://t.co/24ke5Ignnj,0.0,81
382,Thu Jun 14 14:00:02 +0000 2018,0.218,0.612,0.17,CBS News,"Houses burn ""like dominoes"" as wildfires menace U.S. West https://t.co/ghp7HjpvGJ https://t.co/U05YPvo6Fz",-0.1779,82
383,Thu Jun 14 13:45:03 +0000 2018,0.15,0.85,0.0,CBS News,Elon Musk's Boring Co. to build express line to Chicago's O'Hare airport https://t.co/r7ad3jMLL6 https://t.co/ZPXAa7uWdh,-0.3182,83
384,Thu Jun 14 13:29:42 +0000 2018,0.0,0.769,0.231,CBS News,Ivana Trump promotes Italian weight-loss diet system https://t.co/uMzgqEFQHF https://t.co/dUc0XrKqHQ,0.34,84
385,Thu Jun 14 13:14:43 +0000 2018,0.16,0.68,0.16,CBS News,"A strong storm slammed some areas of Pennsylvania, damaging numerous businesses, many in a shopping plaza, overturn‚Ä¶ https://t.co/rmgFJbIhG7",0.0,85
386,Thu Jun 14 13:00:15 +0000 2018,0.0,1.0,0.0,CBS News,"WATCH: This deer obviously didn't have a metro card, so it hopped the subway turnstyle and started running around t‚Ä¶ https://t.co/dZzuByCeYG",0.0,86
387,Thu Jun 14 12:54:30 +0000 2018,0.0,1.0,0.0,CBS News,One of country music's biggest stars just released his ninth studio album. Dierks Bentley decided to go back to his‚Ä¶ https://t.co/4cdSlJBAik,0.0,87
388,Thu Jun 14 12:48:41 +0000 2018,0.0,1.0,0.0,CBS News,"One year after near-fatal shooting, House Majority Whip Steve Scalise returns to the baseball field not quite the s‚Ä¶ https://t.co/gNrMob9DbW",0.0,88
389,Thu Jun 14 12:38:43 +0000 2018,0.0,1.0,0.0,CBS News,"Britain's newest royal, Meghan, the Duchess of Sussex, is being put to the test today. She's joined Queen Elizabeth‚Ä¶ https://t.co/zi619h4M9F",0.0,89
390,Thu Jun 14 12:21:27 +0000 2018,0.0,1.0,0.0,CBS News,The home of some of the world's largest and oldest sequoia trees will re-open to the public tomorrow for the first‚Ä¶ https://t.co/ne9ZVTqDp0,0.0,90
391,Thu Jun 14 12:19:44 +0000 2018,0.0,0.879,0.121,CBS News,"Teens are hooked on Juul, but a top executive insists that was never the company's intention https://t.co/vdOHd5zHhT https://t.co/fg5FzIhpDT",0.296,91
392,Thu Jun 14 12:15:48 +0000 2018,0.0,0.876,0.124,CBS News,Apple says it is closing a security gap in iPhones that allows access to personal information without a password‚Ä¶ https://t.co/tb4v9mqNsn,0.34,92
393,Thu Jun 14 12:06:49 +0000 2018,0.0,0.888,0.112,CBS News,"Rep. Steve Scalise will play baseball against the Democrats tonight, exactly one year after he was shot during a pr‚Ä¶ https://t.co/XoeOsJZYP8",0.34,93
394,Thu Jun 14 11:49:30 +0000 2018,0.0,0.76,0.24,CBS News,"""We have made very clear that the sanctions and the economic relief that North Korea will receive will only happen‚Ä¶ https://t.co/hGYjqe9Y3Z",0.7178,94
395,Thu Jun 14 11:46:31 +0000 2018,0.357,0.643,0.0,CBS News,The fate of a Missouri man on death row for murder is in doubt after Gov. Eric Greitens stepped down last month ami‚Ä¶ https://t.co/2BCFuso8zq,-0.9022,95
396,Thu Jun 14 11:44:27 +0000 2018,0.0,1.0,0.0,CBS News,A new report shows flavorings used in many brands of e-cigarettes may be more harmful than first thought. E-cigaret‚Ä¶ https://t.co/AoCYyAQV20,0.0,96
397,Thu Jun 14 11:37:57 +0000 2018,0.0,1.0,0.0,CBS News,WATCH: Secretary of State Mike Pompeo speaks to reporters in Beijing as he meets with China's foreign minister days‚Ä¶ https://t.co/hsePhRdPRX,0.0,97
398,Thu Jun 14 11:34:46 +0000 2018,0.291,0.709,0.0,CBS News,The fate of a Missouri man on death row for murder is in limbo after Gov. Eric Greitens stepped down last month. Gr‚Ä¶ https://t.co/JOgO1slilH,-0.8625,98
399,Thu Jun 14 11:34:02 +0000 2018,0.0,1.0,0.0,CBS News,"Here are this morning‚Äôs three things you need to know:
1‚É£World Cup kicks off
2‚É£NJ sports betting
3‚É£Happy birthday,‚Ä¶ https://t.co/C1HgzfAsBC",0.0,99
400,Fri Jun 15 06:35:12 +0000 2018,0.226,0.774,0.0,The New York Times,"Are You Too Old to Have Been Sexually Harassed? In Italy, Maybe https://t.co/G2LBpA26Dw",-0.5423,0
401,Fri Jun 15 06:33:05 +0000 2018,0.0,1.0,0.0,The New York Times,"RT @NYTScience: Two bacteria are sitting near free-floating DNA. Suddenly, one shoots out a long appendage, latches onto a DNA fragment and‚Ä¶",0.0,1
402,Fri Jun 15 06:05:09 +0000 2018,0.123,0.877,0.0,The New York Times,"RT @nytimesbooks: The Australian novelist Tim Winton has this to say on Christianity: ‚ÄúFor me, if it‚Äôs not about love, if it‚Äôs not about me‚Ä¶",-0.5216,2
403,Fri Jun 15 05:48:41 +0000 2018,0.0,0.945,0.055,The New York Times,Does the Mediterranean diet prevent heart disease? A big study found it did. Now the investigators concede it was f‚Ä¶ https://t.co/qQYci5jzqe,0.0258,3
404,Fri Jun 15 05:32:05 +0000 2018,0.277,0.723,0.0,The New York Times,"RT @jasondhorowitz: Roman prosecutors decided the 53-year-old woman had reported the sexual harassment too late, knew her harasser too well‚Ä¶",-0.7845,4
405,Fri Jun 15 05:15:01 +0000 2018,0.0,1.0,0.0,The New York Times,Let Them Eat on Fancy Plates: Emmanuel Macron‚Äôs New China https://t.co/zYoaEyAXNP,0.0,5
406,Fri Jun 15 05:02:04 +0000 2018,0.0,1.0,0.0,The New York Times,"RT @jotted: Goldman Sachs once made a lot of money in Malaysia. Now Malaysia wants some of it back. The government ""intends to  seek some c‚Ä¶",0.0,6
407,Fri Jun 15 04:41:08 +0000 2018,0.0,1.0,0.0,The New York Times,"The Pharaohs, as Egypt‚Äôs team is known, are competing in the World Cup for the first time in 28 years. Their hopes‚Ä¶ https://t.co/jT5p6Yrolo",0.0,7
408,Fri Jun 15 04:21:01 +0000 2018,0.0,0.882,0.118,The New York Times,RT @peterbakernyt: IG report reflects a messier reality than the simple storyline promoted by the White House: An array of FBI officials ma‚Ä¶,0.4215,8
409,Fri Jun 15 04:02:04 +0000 2018,0.391,0.609,0.0,The New York Times,A star is killed in a galaxy far away https://t.co/prPxRWRh8V,-0.6705,9
410,Fri Jun 15 03:45:02 +0000 2018,0.0,1.0,0.0,The New York Times,RT @thomasfullerNYT: Some San Francisco high rises have a seismic flaw. Is your office on the list? (Mine is) https://t.co/1JMKiLWfVx,0.0,10
411,Fri Jun 15 03:32:06 +0000 2018,0.0,0.713,0.287,The New York Times,"There can only be one World Cup champion, but stars ‚Äî and the idea of what qualifies as a successful tournament ‚Äî w‚Ä¶ https://t.co/KRnAx5S0ti",0.8248,11
412,Fri Jun 15 03:17:03 +0000 2018,0.127,0.746,0.127,The New York Times,RT @DLeonhardt: The main message of the IG report is that President Trump is lying about the Justice Department and FBI. https://t.co/FQpc6‚Ä¶,0.0,12
413,Fri Jun 15 03:02:04 +0000 2018,0.0,1.0,0.0,The New York Times,"""I never thought I would talk about it.‚Äô So Florence Welch put it in a song. https://t.co/kiQavkcAGk",0.0,13
414,Fri Jun 15 02:47:04 +0000 2018,0.234,0.766,0.0,The New York Times,"RT @nytpolitics: Democrats said the report on James Comey proves that the F.B.I. wronged Hillary Clinton in 2016. ""It's disappointing and i‚Ä¶",-0.7269,14
415,Fri Jun 15 02:39:19 +0000 2018,0.0,1.0,0.0,The New York Times,"Mahathir Mohamad, Leading Malaysia Again at 92, Is on a Mission https://t.co/VwTVl16yi1",0.0,15
416,Fri Jun 15 02:32:05 +0000 2018,0.274,0.726,0.0,The New York Times,"How the IRS could punish Trump and his foundation
https://t.co/gS2bdV42vF",-0.5267,16
417,Fri Jun 15 02:17:05 +0000 2018,0.141,0.859,0.0,The New York Times,"RT @juliamoskin: She died over 100 years ago, and I got to write her NYT obit: Fannie Farmer, who invented the modern recipe #overlookednom‚Ä¶",-0.5574,17
418,Fri Jun 15 02:02:06 +0000 2018,0.0,1.0,0.0,The New York Times,"‚ÄúI believe we are at a crossroads as a nation, and we have a choice to make,‚Äù an organizer of the Austin rally said‚Ä¶ https://t.co/CorMX6U6Wf",0.0,18
419,Fri Jun 15 01:52:00 +0000 2018,0.0,1.0,0.0,The New York Times,RT @nytpolitics: President Trump's salute to a North Korean military officer drew questions about whether a high-ranking officer of a milit‚Ä¶,0.0,19
420,Fri Jun 15 01:47:06 +0000 2018,0.118,0.882,0.0,The New York Times,The report on the FBI's handling of the Clinton investigation is 500 pages long. Our team of experts broke down the‚Ä¶ https://t.co/IioOGG5SVW,-0.4215,20
421,Fri Jun 15 01:32:03 +0000 2018,0.1,0.9,0.0,The New York Times,EPA chief Scott Pruitt is expected to submit to President Trump on Friday a proposal to cut a major Obama-era clean‚Ä¶ https://t.co/h2TBdmoQzF,-0.2732,21
422,Fri Jun 15 01:17:03 +0000 2018,0.0,0.887,0.113,The New York Times,A measure to legalize abortion in Argentina cleared its first major hurdle https://t.co/TPbw7Zm1XU,0.1027,22
423,Fri Jun 15 01:07:44 +0000 2018,0.0,1.0,0.0,The New York Times,"RT @JesseDrucker: Marcus Owens, who ran IRS nonprofit division during Bush I and Clinton admins, cited several cases where people were crim‚Ä¶",0.0,23
424,Fri Jun 15 01:02:02 +0000 2018,0.0,1.0,0.0,The New York Times,Evening Briefing: Here's what you need to know at the end of the day https://t.co/wi3e5hCnPp,0.0,24
425,Fri Jun 15 00:45:09 +0000 2018,0.0,0.884,0.116,The New York Times,Fannie Farmer was widely credited with inventing the modern recipe and was the first professional cook to insist th‚Ä¶ https://t.co/qmYp7W1oFC,0.3612,25
426,Fri Jun 15 00:32:06 +0000 2018,0.066,0.759,0.175,The New York Times,"In Opinion, James Comey writes: 

""I do not agree with all of the inspector general‚Äôs conclusions, but I respect th‚Ä¶ https://t.co/NDsmND6uhi",0.5566,26
427,Fri Jun 15 00:17:04 +0000 2018,0.069,0.931,0.0,The New York Times,"RT @jwpetersNYT: GOP lawmakers in several states, with an assist from a well-funded, well-organized campaign, are coming down hard on campu‚Ä¶",-0.1027,27
428,Fri Jun 15 00:02:02 +0000 2018,0.093,0.741,0.167,The New York Times,"The Supreme Court struck down a Minnesota law that prohibits voters from wearing T-shirts, hats and buttons express‚Ä¶ https://t.co/qXj2vyAakn",0.3818,28
429,Thu Jun 14 23:47:04 +0000 2018,0.238,0.762,0.0,The New York Times,"An Oakland jogger, who was filmed throwing away a homeless man's belongings, was charged with a felony count of sec‚Ä¶ https://t.co/WJjGVNmZRs",-0.6486,29
430,Thu Jun 14 23:32:00 +0000 2018,0.0,1.0,0.0,The New York Times,Here's the 2018 election calendar https://t.co/3sjhX76teP,0.0,30
431,Thu Jun 14 23:17:06 +0000 2018,0.0,0.852,0.148,The New York Times,"RT @nytopinion: If you want to help sway the Trump administration to do the right thing for families coming across the border, here are som‚Ä¶",0.4588,31
432,Thu Jun 14 23:02:07 +0000 2018,0.0,1.0,0.0,The New York Times,Evening Briefing: Here's what you need to know at the end of the day https://t.co/uIEwWKsrso,0.0,32
433,Thu Jun 14 22:47:03 +0000 2018,0.0,1.0,0.0,The New York Times,"RT @ksacknyt: I spent a few weeks investigating the business record of the GOP frontrunner for governor in Georgia, Lt. Gov. Casey Cagle. I‚Ä¶",0.0,33
434,Thu Jun 14 22:32:01 +0000 2018,0.0,1.0,0.0,The New York Times,"U.S. Open 2018 live: leaderboard and first round updates
https://t.co/wnjdfwhyFx",0.0,34
435,Thu Jun 14 22:17:04 +0000 2018,0.0,1.0,0.0,The New York Times,She received an anonymous letter asking her to use a dryer or hang her laundry indoors. It backfired spectacularly. https://t.co/juc3x9V6nY,0.0,35
436,Thu Jun 14 22:02:03 +0000 2018,0.114,0.886,0.0,The New York Times,RT @NYTimesAtWar: Helmets that were the wrong size and vehicles that partner nations do not have the parts to maintain are just some of the‚Ä¶,-0.4767,36
437,Thu Jun 14 21:47:04 +0000 2018,0.0,0.779,0.221,The New York Times,This week's primaries showed just how much the Republican Party has become the party of Trump and that its politici‚Ä¶ https://t.co/YmL7PBRx3o,0.6597,37
438,Thu Jun 14 21:32:01 +0000 2018,0.0,0.769,0.231,The New York Times,A big question hangs over HBO. How will the creative talent behind ‚ÄúThe Sopranos‚Äù and ‚ÄúGame of Thrones‚Äù get along w‚Ä¶ https://t.co/YzfCdgVHtx,0.6908,38
439,Thu Jun 14 21:17:02 +0000 2018,0.0,1.0,0.0,The New York Times,RT @lauriegnyt: Focus on the family? Conservative religious leaders who have long preached about the sanctity of the family are speaking ou‚Ä¶,0.0,39
440,Thu Jun 14 21:00:16 +0000 2018,0.0,1.0,0.0,The New York Times,Dads are now at the center of the style universe https://t.co/XHkvTEQsNp,0.0,40
441,Thu Jun 14 20:45:03 +0000 2018,0.0,1.0,0.0,The New York Times,"Wrap, seal and cook https://t.co/FfeBMKh0W3 https://t.co/dP18JuPnFq",0.0,41
442,Thu Jun 14 20:31:03 +0000 2018,0.0,0.78,0.22,The New York Times,Vladimir Putin saw the World Cup as a chance to showcase his country. Not everyone likes what they see. https://t.co/kbcNCtI4Fy,0.5859,42
443,Thu Jun 14 20:20:08 +0000 2018,0.132,0.682,0.186,The New York Times,"Happy Flag Day! But are you flying it wrong? Can a flag touch the ground? Your questions, answered. https://t.co/cSymHh2wgb",0.3076,43
444,Thu Jun 14 20:05:04 +0000 2018,0.0,0.865,0.135,The New York Times,"Recipes in 19th-century cookbooks relied on measurements like a ""handful"" of rice or a ""goodly amount"" of molasses‚Ä¶ https://t.co/cQoObwmpIz",0.3612,44
445,Thu Jun 14 19:55:07 +0000 2018,0.0,1.0,0.0,The New York Times,RT @nytimesbusiness: We reported last year that states were suspending the licenses of people who had defaulted on their student loans ‚Äì ma‚Ä¶,0.0,45
446,Thu Jun 14 19:45:09 +0000 2018,0.0,1.0,0.0,The New York Times,The notes Albert Einstein wrote while traveling through Asia and the Middle East reveal xenophobic views of the peo‚Ä¶ https://t.co/IeqkyX7Sws,0.0,46
447,Thu Jun 14 19:30:10 +0000 2018,0.098,0.854,0.049,The New York Times,"RT @MichaelPaulson: ‚ÄúI was afraid she‚Äôd use her magic and accidentally freeze my heart.‚Äù The story of a 3-year-old boy, his dad, and Elsa.‚Ä¶",-0.296,47
448,Thu Jun 14 19:20:06 +0000 2018,0.0,0.859,0.141,The New York Times,Leaders of many faiths have spoken out consistently against Trump's immigration policies. What has changed is that‚Ä¶ https://t.co/VQKGdvVrss,0.4215,48
449,Thu Jun 14 19:05:04 +0000 2018,0.0,0.854,0.146,The New York Times,"36 Hours in Seville: Take a tapas tour, learn the basics of flamenco, or relax in thermal baths https://t.co/UGkNJ4D6jG",0.4404,49
450,Thu Jun 14 18:55:03 +0000 2018,0.139,0.861,0.0,The New York Times,"RT @ginakolata: Mediterranean diet study is retracted and re-analyzed. But not everyone is convinced.
https://t.co/FZPXm8rt9W",-0.3089,50
451,Thu Jun 14 18:45:07 +0000 2018,0.0,0.776,0.224,The New York Times,"Ivana Trump returns to the spotlight ‚Ä¶ to promote a diet that promises followers they can ‚Äúeat pasta, cookies and l‚Ä¶ https://t.co/0rJvD4xgED",0.6369,51
452,Thu Jun 14 18:35:06 +0000 2018,0.0,0.766,0.234,The New York Times,"RT @nytimesworld: Mexico and the U.S. are deeply intertwined through migration, culture, language, history, natural resources and ‚Äî yes ‚Äî s‚Ä¶",0.6369,52
453,Thu Jun 14 18:25:06 +0000 2018,0.0,1.0,0.0,The New York Times,"""How do I repair my relationship to food in the shadow of a mom who will never change the way she understands weigh‚Ä¶ https://t.co/0beqM3gC2c",0.0,53
454,Thu Jun 14 18:23:45 +0000 2018,0.066,0.759,0.175,The New York Times,"In Opinion, James Comey writes: 

""I do not agree with all of the inspector general‚Äôs conclusions, but I respect th‚Ä¶ https://t.co/lAyxYOz08G",0.5566,54
455,Thu Jun 14 18:15:04 +0000 2018,0.0,1.0,0.0,The New York Times,"RT @nytimesarts: ""I never thought I would talk about it.‚Äô So Florence Welch put it in a song. https://t.co/0wXsCswTXJ",0.0,55
456,Thu Jun 14 18:05:06 +0000 2018,0.0,0.807,0.193,The New York Times,Why has President Trump‚Äôs charity faced years of legal scrutiny? And what does the New York attorney general‚Äôs laws‚Ä¶ https://t.co/zKaJuRQmQM,0.5106,56
457,Thu Jun 14 17:55:06 +0000 2018,0.159,0.841,0.0,The New York Times,RT @nytimesbusiness: ‚ÄúIt makes no sense to revoke a professional license from someone who is trying to pay their student loans‚Äù https://t.c‚Ä¶,-0.3818,57
458,Thu Jun 14 17:45:04 +0000 2018,0.0,1.0,0.0,The New York Times,"Fed chiefs normally use the royal ‚Äúwe,‚Äù or at least put the committee first when summing up their positions. Jerome‚Ä¶ https://t.co/F8havEPSIe",0.0,58
459,Thu Jun 14 17:35:02 +0000 2018,0.25,0.75,0.0,The New York Times,RT @nytimesbusiness: A $65 billion bidding war has broken out over Rupert Murdoch's TV businesses. This is what the fuss is all about. http‚Ä¶,-0.7906,59
460,Thu Jun 14 17:25:05 +0000 2018,0.149,0.645,0.206,The New York Times,"When one person‚Äôs beliefs sound like hate speech to another, how do you ensure a more civil political debate? https://t.co/pzKEzAGw6A",0.1027,60
461,Thu Jun 14 17:16:14 +0000 2018,0.0,1.0,0.0,The New York Times,"RT @NYTMetro: New York's attorney general calls the Trump Foundation ""little more than a checkbook for payments from Mr. Trump or his busin‚Ä¶",0.0,61
462,Thu Jun 14 17:09:19 +0000 2018,0.0,1.0,0.0,The New York Times,"The World Cup opened with a speech by Vladimir Putin and a 5-0 victory by Russia, the host, over Saudi Arabia https://t.co/uCoIguA9Ge",0.0,62
463,Thu Jun 14 17:05:02 +0000 2018,0.0,1.0,0.0,The New York Times,The converted Walmart has become the largest licensed migrant children‚Äôs shelter in the U.S. ‚Äî a warehouse for near‚Ä¶ https://t.co/6TM8rTqYJH,0.0,63
464,Thu Jun 14 16:52:34 +0000 2018,0.0,0.777,0.223,The New York Times,"Breaking News: James Comey was insubordinate in the Clinton email investigation, but a Justice Department report fo‚Ä¶ https://t.co/s0wmLQbkL0",0.6808,64
465,Thu Jun 14 16:45:05 +0000 2018,0.0,0.892,0.108,The New York Times,"To many immigration judges, Jeff Sessions's hard-line agenda is standing in the way of their ability to deliver jus‚Ä¶ https://t.co/XLpclEk0xR",0.3182,65
466,Thu Jun 14 16:35:05 +0000 2018,0.0,1.0,0.0,The New York Times,"RT @nytimesbusiness: Federal Reserve chiefs are known for saying little, and making what they did say as opaque as possible. Jerome Powell‚Ä¶",0.0,66
467,Thu Jun 14 16:20:10 +0000 2018,0.0,1.0,0.0,The New York Times,"Women can wear pants at the Oscars, while graduating from the Naval Academy, and at just about any workplace in Ame‚Ä¶ https://t.co/ou1QUzVhw9",0.0,67
468,Thu Jun 14 16:05:07 +0000 2018,0.091,0.909,0.0,The New York Times,"This weekend, take a culture crawl in Lower Manhattan or head to Queens to get down on it with Kool &amp; the Gang‚Ä¶ https://t.co/cCLnKulEsO",-0.296,68
469,Thu Jun 14 15:55:03 +0000 2018,0.121,0.879,0.0,The New York Times,"RT @nytvideo: There are roughly 2,000 American troops in Syria. Recently, a statement went out for direct attacks against them. Who sent it‚Ä¶",-0.4404,69
470,Thu Jun 14 15:45:03 +0000 2018,0.0,1.0,0.0,The New York Times,"Antarctica is now melting so fast, scientists say, that it will contribute six inches to sea-level rise by 2100 https://t.co/Vk5jZA6gaO",0.0,70
471,Thu Jun 14 15:44:51 +0000 2018,0.0,1.0,0.0,The New York Times,Follow the @NYTSports journalists covering the World Cup: https://t.co/2i5aV2Mbt5,0.0,71
472,Thu Jun 14 15:42:50 +0000 2018,0.0,1.0,0.0,The New York Times,Get all the latest #WorldCup updates from journalists on the ground.,0.0,72
473,Thu Jun 14 15:30:10 +0000 2018,0.22,0.78,0.0,The New York Times,Benjamin Carter Hett presents Hitler's rise as an element of the collapse of a republic confronting dilemmas of glo‚Ä¶ https://t.co/fYmnEqjzK6,-0.5859,73
474,Thu Jun 14 15:15:08 +0000 2018,0.112,0.888,0.0,The New York Times,A government earthquake study included a list of potentially vulnerable high-rise buildings in San Francisco. It in‚Ä¶ https://t.co/7Rm1JBS0EW,-0.2263,74
475,Thu Jun 14 15:07:04 +0000 2018,0.097,0.752,0.15,The New York Times,RT @amyfiscus: The nation's immigration judges are increasingly worried that Jeff Sessions is keeping them from delivering justice https://‚Ä¶,0.296,75
476,Thu Jun 14 14:55:40 +0000 2018,0.167,0.833,0.0,The New York Times,"Breaking News: New York is suing the Trump foundation, accusing it of vast lawbreaking. It wants to bar the preside‚Ä¶ https://t.co/Wemz9W8y23",-0.4215,76
477,Thu Jun 14 14:53:44 +0000 2018,0.0,0.772,0.228,The New York Times,"Here's your guide to all 32 teams playing in the 2018 World Cup, from first-timer Panama to 4-time winner Germany https://t.co/bVWXVC0rXR",0.6808,77
478,Thu Jun 14 14:52:53 +0000 2018,0.0,1.0,0.0,The New York Times,It‚Äôs Russia vs. Saudi Arabia in the first game of the 2018 World Cup. Follow our live coverage for updates and anal‚Ä¶ https://t.co/nk2U5wuOk2,0.0,78
479,Thu Jun 14 14:30:06 +0000 2018,0.0,1.0,0.0,The New York Times,"In 2015, police officers in Austria found the decomposing bodies of 71 migrants who had been locked in a truck. On‚Ä¶ https://t.co/aczKGQMUn6",0.0,79
480,Thu Jun 14 14:19:03 +0000 2018,0.0,0.737,0.263,The New York Times,"Mike Pompeo insisted that United Nations sanctions would remain in place until North Korea had accomplished ""comple‚Ä¶ https://t.co/IsJQQQHot2",0.6908,80
481,Thu Jun 14 14:11:06 +0000 2018,0.0,0.862,0.138,The New York Times,"""It is the most beneficial international situation for Russia right now since 2013, on the eve of the Olympics,"" sa‚Ä¶ https://t.co/n7BkDXxERg",0.4927,81
482,Thu Jun 14 14:00:09 +0000 2018,0.143,0.857,0.0,The New York Times,"RT @monicadavey1: 12 minutes to O'hare?! Chicago's Mayor Rahm Emanuel says Elon Musk will change the endless, miserable ride to the airport‚Ä¶",-0.5411,82
483,Thu Jun 14 13:46:05 +0000 2018,0.0,0.847,0.153,The New York Times,"In school districts that are mostly rich, white and suburban, boys are much more likely to outperform girls in math‚Ä¶ https://t.co/rQZHE7LEOO",0.5574,83
484,Thu Jun 14 13:32:01 +0000 2018,0.155,0.845,0.0,The New York Times,Michael Cohen will soon be parting from the lawyers who are representing him in a potentially damaging and wide-ran‚Ä¶ https://t.co/Ghj2Hm0HcN,-0.5106,84
485,Thu Jun 14 13:16:02 +0000 2018,0.38,0.62,0.0,The New York Times,A 19-year-old man has been indicted on charges that he threatened to murder Bernie Sanders and Kamala Harris ‚Äî and‚Ä¶ https://t.co/1EstaDVc72,-0.8689,85
486,Thu Jun 14 13:00:10 +0000 2018,0.0,1.0,0.0,The New York Times,Morning Briefing: Here's what you need to know to start your day https://t.co/d1IaaDlhiJ https://t.co/25k6a60333,0.0,86
487,Thu Jun 14 12:46:05 +0000 2018,0.0,0.849,0.151,The New York Times,President Trump portrayed his agreement with Kim Jong-un as a signal achievement that meant that North Korea was no‚Ä¶ https://t.co/TfZBFUuA4k,0.4939,87
488,Thu Jun 14 12:32:01 +0000 2018,0.0,0.859,0.141,The New York Times,"A lawyer said a gatekeeper for Marvel Comics legend Stan Lee is ""a memorabilia collector who inserted himself into‚Ä¶ https://t.co/txtTHS4ltO",0.4215,88
489,Thu Jun 14 12:15:06 +0000 2018,0.289,0.711,0.0,The New York Times,"""It's never a good look when Pakistan, where people are killed for blasphemy, is speaking approvingly of your laws,‚Ä¶ https://t.co/8wFqvVTIZQ",-0.7849,89
490,Thu Jun 14 12:00:08 +0000 2018,0.159,0.691,0.15,The New York Times,"Your daily @DealBook Briefing:

‚Ä¢ Comcast and Disney are at war. Murdoch wins either way.

‚Ä¢ WeWork wants more mone‚Ä¶ https://t.co/OGbBmFd2rB",-0.0516,90
491,Thu Jun 14 11:45:10 +0000 2018,0.111,0.773,0.116,The New York Times,"Stephen Colbert welcomed an odd couple on Wednesday: Michael Avenatti, the lawyer for Stephanie Clifford, and Antho‚Ä¶ https://t.co/I3Avw7iUej",0.0258,91
492,Thu Jun 14 11:29:02 +0000 2018,0.159,0.841,0.0,The New York Times,"""We learned of how whole families died huddled together in corridors, a mother found with her 6-month-old baby in t‚Ä¶ https://t.co/YODYIoctZF",-0.5574,92
493,Thu Jun 14 11:21:04 +0000 2018,0.0,1.0,0.0,The New York Times,Morning¬†Briefing: Here's what you need to know to start your day https://t.co/Dlbt6tUhqH https://t.co/xH8Bky2PMX,0.0,93
494,Thu Jun 14 11:00:14 +0000 2018,0.0,1.0,0.0,The New York Times,Stephen Bannon is betting that Bitcoin and other cryptocurrencies can disrupt banking the way President Trump disru‚Ä¶ https://t.co/6EIr2wkySC,0.0,94
495,Thu Jun 14 10:45:09 +0000 2018,0.138,0.709,0.154,The New York Times,"""We were all kind of worried he might be too tired to do so but thankfully the little guy kept going""‚Ä¶ https://t.co/IlSsWHL0pq",0.3445,95
496,Thu Jun 14 10:31:03 +0000 2018,0.0,1.0,0.0,The New York Times,"""We have been basing our policy on the basis that the U.S. is a credible partner,"" said a former Japanese ambassado‚Ä¶ https://t.co/jBNcGCey0p",0.0,96
497,Thu Jun 14 10:16:01 +0000 2018,0.0,0.898,0.102,The New York Times,"RT @nytimesworld: ‚ÄúStreet and after street, it was like some sort of military operation.‚Äù Laundry was draped outside homes and shops, and e‚Ä¶",0.3612,97
498,Thu Jun 14 10:01:26 +0000 2018,0.111,0.889,0.0,The New York Times,RT @emmagf: The Taxi of Tomorrow was supposed to become the standard cab in New York City. Now the city has abandoned that idea: https://t.‚Ä¶,-0.4588,98
499,Thu Jun 14 09:44:02 +0000 2018,0.0,1.0,0.0,The New York Times,"""This may not be a World Cup that changes how the world sees Russia. But it could be a World Cup that changes how R‚Ä¶ https://t.co/1uQLbY5pMy",0.0,99
